Brand_ID,Cate1_ID,Cate2_ID,Cate3_ID,Region_ID
0,0,0,0,103
0,0,0,0,143
0,0,0,0,196
0,0,0,0,780
0,0,0,0,336
0,0,0,0,96
0,0,0,0,780
0,0,0,0,118
0,0,0,0,375
0,0,0,0,219
0,0,0,0,746
0,0,0,0,678
0,0,0,0,675
0,0,0,0,165
0,0,0,0,27
0,0,0,0,103
0,0,0,0,302
0,0,0,0,96
0,0,0,0,96
0,0,0,0,277
0,0,0,0,375
0,0,0,0,601
0,0,0,0,83
0,0,0,0,24
0,0,0,0,636
0,0,0,0,402
0,0,0,0,778
0,0,0,0,332
0,0,0,0,336
0,0,0,0,568
0,0,0,0,532
0,0,0,0,57
0,0,0,0,636
0,0,0,0,666
0,0,0,0,268
0,0,0,0,727
0,0,0,0,590
0,0,0,0,302
0,0,0,0,250
0,0,0,0,54
0,0,0,0,96
0,0,0,0,350
0,0,0,0,277
0,0,0,0,796
0,0,0,0,42
0,0,0,0,103
0,0,0,0,680
0,0,0,0,141
0,0,0,0,522
0,4,5,5,347
0,0,0,0,772
0,0,0,0,565
0,0,0,0,565
0,0,0,0,4
0,0,0,0,636
0,0,0,0,105
0,0,0,0,176
0,0,0,0,180
0,0,0,0,327
0,0,0,0,96
0,0,0,0,222
0,0,0,0,220
0,0,0,0,120
0,0,0,0,365
0,0,0,0,266
0,0,0,0,143
0,0,0,0,689
0,0,0,0,219
0,0,0,0,370
0,0,0,0,679
0,0,0,0,693
0,0,0,0,165
0,0,0,0,575
0,0,0,0,578
0,0,0,0,798
0,0,0,0,620
0,0,0,0,274
0,0,0,0,119
0,0,0,0,220
0,0,0,0,398
0,0,0,0,561
0,0,0,0,17
0,0,0,0,96
0,0,0,0,111
1,1,1,1,5
1,1,1,1,249
1,1,1,1,769
1,1,1,1,786
1,1,1,1,794
1,1,1,1,165
1,1,1,1,48
1,1,1,1,143
1,1,1,1,508
1,1,1,1,689
1,1,1,1,180
1,1,1,1,444
1,1,1,1,38
1,1,1,1,219
1,1,1,1,637
1,1,1,1,103
1,1,1,1,329
1,1,1,1,62
1,1,1,1,754
1,1,1,1,692
1,1,1,1,142
1,1,1,1,144
1,1,1,1,96
1,1,1,1,590
1,1,1,1,375
1,1,1,1,220
2,2,2,6,365
2,2,2,6,549
2,2,2,6,96
2,2,2,2,775
2,2,2,6,463
2,2,2,6,734
2,2,2,6,159
2,2,2,6,260
2,2,2,2,121
2,2,2,6,712
2,2,2,6,476
2,2,2,2,96
2,2,2,6,472
2,2,2,6,96
2,2,2,6,796
2,2,2,6,700
2,2,2,6,510
2,2,2,6,65
2,2,2,6,89
2,2,2,6,106
2,2,2,6,750
2,2,2,6,66
2,2,2,6,331
2,2,2,6,432
2,2,2,6,483
2,2,2,6,45
2,2,2,6,405
2,2,2,6,549
2,2,2,2,103
2,2,2,6,159
2,2,2,6,28
2,2,2,6,29
2,2,2,6,219
2,2,2,6,783
2,2,2,6,89
2,2,2,6,260
2,2,2,6,107
2,2,2,2,703
2,2,2,6,450
2,2,2,6,678
2,2,2,6,742
2,2,2,6,270
2,2,2,2,404
2,2,2,6,509
2,2,2,6,159
2,2,2,6,433
2,2,2,6,742
2,2,2,6,475
2,2,2,6,271
2,2,2,2,329
2,2,2,6,622
2,2,2,6,95
2,2,2,6,779
2,2,2,6,511
2,2,2,6,365
2,2,2,6,511
2,2,2,6,632
2,2,2,6,317
2,2,2,6,509
2,2,2,6,134
2,2,2,6,433
2,2,2,6,748
2,2,2,6,159
2,2,2,6,192
2,2,2,6,234
2,2,2,6,483
2,2,2,6,308
2,2,2,6,281
2,2,2,6,224
2,2,2,6,66
2,2,2,2,210
2,2,2,6,511
2,2,2,6,95
2,2,2,6,680
2,2,2,6,549
2,2,2,6,271
2,2,2,6,159
2,2,2,6,28
2,2,2,6,476
2,2,2,6,508
3,1,1,1,616
3,1,1,1,111
3,1,1,1,134
3,1,1,1,188
3,1,1,1,96
3,1,1,1,599
3,1,1,1,120
3,1,1,1,604
3,1,1,1,96
3,1,1,1,97
3,1,1,1,709
3,1,1,1,96
3,1,1,1,216
3,1,1,1,3
3,1,1,1,39
3,1,1,1,180
3,1,1,1,612
3,1,1,1,678
3,1,1,1,337
3,1,1,1,135
3,1,1,1,63
3,1,1,1,295
3,1,1,1,678
3,1,1,1,484
3,1,1,1,299
3,1,1,1,23
3,1,1,1,678
3,1,1,1,270
3,1,1,1,27
3,1,1,1,45
3,1,1,1,219
3,1,1,1,678
3,1,1,1,523
3,1,1,1,171
3,1,1,1,786
3,1,1,1,678
3,1,1,1,644
3,1,1,1,209
3,1,1,1,96
3,1,1,1,533
3,1,1,1,66
3,1,1,1,546
3,1,1,1,164
3,1,1,1,118
3,1,1,1,600
3,1,1,1,678
3,1,1,1,283
3,1,1,1,497
3,1,1,1,502
3,1,1,1,73
3,1,1,1,328
3,1,1,1,43
3,1,1,1,25
3,1,1,1,248
3,1,1,1,733
3,1,1,1,323
3,1,1,1,434
3,1,1,1,58
3,1,1,1,798
3,1,1,1,464
3,1,1,1,206
3,1,1,1,174
3,1,1,1,551
3,1,1,1,352
3,1,1,1,648
3,1,1,1,366
3,1,1,1,127
3,1,1,1,411
3,1,1,1,314
3,1,1,1,508
3,1,1,1,262
3,1,1,1,590
3,1,1,1,100
3,1,1,1,385
3,1,1,1,96
3,1,1,1,786
3,1,1,1,198
3,1,1,1,519
3,1,1,1,560
3,1,1,1,492
3,1,1,1,17
3,1,1,1,101
3,1,1,1,678
3,1,1,1,327
3,1,1,1,506
3,1,1,1,66
3,1,1,1,96
3,1,1,1,231
3,1,1,1,793
3,1,1,1,715
4,1,1,1,725
4,1,1,1,660
4,1,1,1,385
4,1,1,1,448
4,1,1,1,223
4,1,1,1,456
4,1,1,1,265
4,1,1,1,112
4,1,1,1,755
4,1,1,1,777
4,1,1,1,28
4,1,1,1,96
4,1,1,1,644
4,1,1,1,590
4,1,1,1,341
4,1,1,1,660
4,1,1,1,749
4,1,1,1,217
4,1,1,1,610
4,1,1,1,33
4,1,1,1,780
4,1,1,1,553
4,1,1,1,675
4,1,1,1,222
4,1,1,1,239
4,1,1,1,63
4,1,1,1,612
4,1,1,1,640
4,1,1,1,598
4,1,1,1,339
4,1,1,1,127
4,1,1,1,272
4,1,1,1,24
4,1,1,1,96
4,1,1,1,96
4,1,1,1,681
4,1,1,1,120
4,1,1,1,68
4,1,1,1,277
4,1,1,1,242
4,1,1,1,679
4,1,1,1,332
4,1,1,1,100
4,1,1,1,666
4,1,1,1,461
4,1,1,1,73
4,1,1,1,307
4,1,1,1,347
4,1,1,1,632
4,1,1,1,134
4,1,1,1,508
4,1,1,1,437
4,1,1,1,395
4,1,1,1,220
4,1,1,1,103
4,1,1,1,47
4,1,1,1,607
4,1,1,1,712
4,1,1,1,678
4,1,1,1,249
4,1,1,1,478
4,1,1,1,262
4,1,1,1,234
4,1,1,1,23
4,1,1,1,713
4,1,1,1,438
4,1,1,1,636
4,1,1,1,176
4,1,1,1,664
4,1,1,1,693
4,1,1,1,292
4,1,1,1,519
4,1,1,1,483
4,1,1,1,683
4,1,1,1,398
4,1,1,1,171
4,1,1,1,3
4,1,1,1,793
4,1,1,1,6
4,1,1,1,83
4,1,1,1,358
4,1,29,60,554
4,1,1,1,300
4,1,1,1,766
4,1,1,1,142
4,1,1,1,119
4,1,1,1,604
4,1,1,1,95
4,1,1,1,459
4,1,1,1,535
4,1,1,1,297
4,1,1,1,679
4,1,1,1,709
4,1,1,1,197
4,1,1,1,496
4,1,1,1,497
4,1,1,1,622
4,1,1,1,334
4,1,1,1,590
4,1,1,1,733
4,1,1,1,441
4,1,1,1,300
4,1,1,1,352
4,1,1,1,299
4,1,1,1,0
4,1,1,1,565
4,1,1,1,219
4,1,1,1,522
4,1,1,1,423
4,1,1,1,154
4,1,1,1,709
4,1,1,1,205
5,1,3,3,96
5,1,3,3,96
5,1,3,3,786
5,1,3,3,96
5,1,1,1,680
5,1,3,3,636
5,1,3,3,786
5,1,3,3,780
5,1,3,3,375
6,1,1,1,220
6,1,1,1,96
6,1,1,1,165
6,1,1,1,174
7,3,4,4,49
7,3,4,4,778
7,3,4,4,780
7,3,4,4,249
7,3,4,4,590
7,3,4,4,638
7,3,4,4,143
7,3,4,4,692
7,3,4,4,558
7,3,4,4,246
7,3,4,4,101
7,3,4,4,266
7,3,4,4,636
7,3,4,4,197
7,3,4,4,390
7,3,4,4,134
7,3,4,4,317
7,3,4,4,375
7,3,4,4,319
7,3,4,4,699
7,3,4,4,57
7,3,4,4,487
7,3,4,4,327
7,3,4,4,549
7,3,4,4,590
7,3,4,4,507
7,3,4,4,107
7,3,4,4,719
7,3,4,4,111
7,3,4,4,108
7,3,4,4,497
7,3,4,4,96
7,3,4,4,208
7,0,0,26,678
7,3,4,4,166
7,3,4,4,632
7,3,4,4,96
7,3,4,4,532
7,3,4,4,632
7,3,4,4,610
7,3,4,4,506
8,1,3,3,677
8,1,3,3,678
8,1,3,3,98
8,1,3,3,2
8,1,3,3,95
8,1,3,3,560
8,1,3,3,590
8,1,3,3,610
8,1,3,3,531
8,1,3,3,636
8,1,3,3,164
8,1,3,3,640
8,1,3,3,636
8,1,3,3,96
8,1,3,3,206
8,1,3,3,96
8,1,3,3,690
8,1,3,3,95
8,1,3,3,385
8,1,3,3,713
8,1,3,3,508
8,1,3,3,678
8,1,3,3,532
8,1,3,3,96
8,1,3,3,174
8,1,3,3,239
8,1,3,3,666
8,1,3,3,96
8,1,3,3,780
8,1,3,3,678
8,1,3,3,375
8,1,3,3,546
8,1,3,3,795
8,1,3,3,318
8,1,3,3,796
8,1,3,3,217
8,1,3,3,642
8,1,3,3,750
8,1,3,3,590
8,1,3,3,590
8,1,3,3,470
8,1,3,3,247
8,1,3,3,219
8,1,3,3,780
8,1,3,3,17
8,1,3,3,659
8,1,3,3,274
8,1,3,3,743
8,1,3,3,712
8,1,3,3,87
8,1,3,3,30
8,1,3,3,281
8,1,3,3,679
8,1,3,3,318
8,1,3,3,159
8,1,3,3,103
8,1,3,3,487
8,1,3,3,678
8,1,3,3,111
8,1,3,3,220
8,1,3,3,678
8,1,3,3,590
8,1,3,3,686
8,1,3,3,788
8,1,3,3,96
8,1,3,3,527
8,1,3,3,733
8,1,3,3,636
8,1,3,3,159
8,1,3,3,150
8,1,3,3,96
8,1,3,3,224
8,1,3,3,5
8,1,3,3,680
8,1,3,3,678
8,1,3,3,142
8,1,3,3,97
8,1,3,3,48
8,1,3,3,590
8,1,3,3,21
8,1,3,3,590
8,1,3,3,160
8,1,3,3,437
8,1,3,3,660
8,1,3,3,678
8,1,3,3,754
8,1,3,3,551
8,1,3,3,590
8,1,3,3,575
8,1,3,3,23
8,1,3,3,234
8,1,3,3,678
8,1,3,3,786
8,1,3,3,250
8,1,3,3,182
8,1,3,3,678
8,1,3,3,0
8,1,3,3,159
8,1,3,3,678
8,1,3,3,678
8,1,3,3,625
8,1,3,3,144
8,1,3,3,660
8,1,3,3,103
8,1,3,3,97
8,1,3,3,786
8,1,3,3,4
8,1,3,3,660
9,4,5,5,577
9,4,5,5,274
9,4,5,51,108
9,4,5,5,773
9,4,5,51,210
9,4,5,5,477
9,4,5,5,633
9,4,5,5,101
9,4,5,5,364
9,4,5,5,210
9,4,5,5,749
9,4,5,5,696
9,4,5,5,779
9,4,5,5,629
9,4,5,5,581
9,4,5,5,28
9,4,5,5,108
9,4,5,5,796
9,4,5,5,654
9,4,5,5,30
9,4,5,5,101
9,4,5,5,524
9,4,5,5,112
9,4,5,5,347
9,4,5,5,103
9,4,5,5,133
9,4,5,5,180
9,4,5,5,475
9,4,5,5,441
9,4,5,5,265
9,4,5,5,310
9,4,5,5,201
9,4,5,5,588
9,4,5,51,101
9,4,5,5,241
9,4,5,5,678
9,4,5,51,667
9,4,5,51,666
9,4,5,5,391
9,4,5,5,271
9,4,5,5,346
9,4,5,5,666
9,4,5,51,477
10,1,1,1,142
10,1,1,1,590
10,1,1,1,590
10,1,1,1,786
10,1,1,1,270
10,1,1,1,95
10,1,1,1,780
10,1,1,1,680
10,1,1,1,375
10,1,1,1,712
10,1,1,1,180
10,1,1,1,398
10,1,1,1,377
10,1,1,1,110
10,1,1,1,5
10,1,1,1,96
10,1,1,1,300
10,1,1,1,730
10,1,1,1,780
10,1,1,1,47
10,1,1,1,488
10,1,1,1,620
10,1,1,1,96
10,1,1,1,87
11,1,1,1,636
11,1,1,1,769
11,1,1,1,352
11,1,1,1,487
11,1,1,1,680
11,1,1,1,305
11,1,1,1,239
11,1,1,1,632
12,5,6,7,36
12,5,6,7,510
12,5,6,7,623
12,5,6,7,269
12,5,6,7,765
12,5,6,7,758
12,5,6,7,602
12,5,6,7,183
12,5,6,7,771
12,5,6,7,434
12,5,6,7,498
12,5,6,7,234
12,5,6,7,413
12,5,6,7,32
12,5,6,7,62
12,5,6,7,273
12,5,6,7,210
12,5,6,7,582
12,5,6,7,747
12,5,6,7,262
12,5,6,7,79
12,5,6,7,787
12,5,6,7,761
12,5,6,7,281
12,5,6,7,572
12,5,6,7,732
12,5,6,7,747
12,5,6,7,196
12,5,6,7,621
12,5,6,7,491
12,5,6,7,409
12,5,6,7,226
12,5,6,7,682
12,5,6,7,707
12,5,6,7,764
12,5,6,7,648
12,5,6,7,681
12,5,6,7,754
12,5,6,7,303
12,5,6,7,363
12,5,6,7,308
12,5,6,7,646
12,5,6,7,14
12,5,6,7,362
12,5,6,7,451
12,5,6,7,652
12,5,6,7,605
12,5,6,7,486
12,5,6,7,432
12,5,6,7,335
12,5,6,7,206
12,5,6,7,266
12,5,6,7,476
12,5,6,7,605
12,5,6,7,137
12,5,6,7,204
12,5,6,7,440
12,5,6,7,716
12,5,6,7,253
12,5,6,7,604
12,5,6,7,54
12,5,6,7,236
12,5,6,7,174
12,5,6,7,545
12,5,6,7,12
12,5,6,7,607
12,5,6,7,294
12,5,6,7,242
12,5,6,7,638
12,5,6,7,664
12,5,6,7,498
12,5,6,7,381
12,5,6,7,775
12,5,6,7,30
12,5,6,7,387
12,5,6,7,157
12,5,6,7,337
12,5,6,7,300
12,5,6,7,84
12,5,6,7,241
12,5,6,7,450
12,5,6,7,792
12,5,6,7,671
12,5,6,7,351
12,5,6,7,588
12,5,6,7,721
12,5,6,7,618
12,5,6,7,665
12,5,6,7,572
12,5,6,7,653
12,5,6,7,478
12,5,6,7,696
12,5,6,7,14
12,5,6,7,163
12,5,6,7,31
12,5,6,7,252
12,5,6,7,132
12,5,6,7,124
12,5,6,7,101
12,5,6,7,153
12,5,6,7,358
12,5,6,7,262
12,5,6,7,697
12,5,6,7,1
12,5,6,7,361
12,5,6,7,116
12,5,6,7,100
12,5,6,7,452
12,5,6,7,653
12,5,6,7,559
12,5,6,7,722
12,5,6,7,687
12,5,6,7,734
12,5,6,7,526
12,5,6,7,521
12,5,6,7,799
12,5,6,7,136
12,5,6,7,625
12,5,6,7,521
12,5,6,7,27
12,5,6,7,707
12,5,6,7,417
12,5,6,7,95
12,5,6,7,366
12,5,6,7,302
12,5,6,7,354
12,5,6,7,57
12,5,6,7,133
12,5,6,7,772
12,5,6,7,524
12,5,6,7,393
12,5,6,7,547
12,5,6,7,78
12,5,6,7,579
12,5,6,7,352
12,5,6,7,292
12,5,6,7,90
12,5,6,7,661
12,5,6,7,702
12,5,6,7,343
12,5,6,7,427
12,5,6,7,208
12,5,6,7,146
12,5,6,7,612
12,5,6,7,112
12,5,6,7,137
12,5,6,7,662
12,5,6,7,352
12,5,6,7,500
12,5,6,7,216
12,5,6,7,470
12,5,6,7,183
12,5,6,7,640
12,5,6,7,210
12,5,6,7,7
12,5,6,7,256
12,5,6,7,695
12,5,6,7,544
12,5,6,7,92
12,5,6,7,405
12,5,6,7,666
12,5,6,7,215
12,5,6,7,484
12,5,6,7,110
12,5,6,7,39
12,5,6,7,91
12,5,6,7,404
12,5,6,7,689
12,5,6,7,506
12,5,6,7,201
12,5,6,7,781
12,5,6,7,441
12,5,6,7,408
12,5,6,7,614
12,5,6,7,403
12,5,6,7,26
12,5,6,7,274
12,5,6,7,178
12,5,6,7,449
12,5,6,7,535
12,5,6,7,569
12,5,6,7,288
12,5,6,7,319
12,5,6,7,406
12,5,6,7,143
12,5,6,7,401
12,5,6,7,709
12,5,6,7,126
12,5,6,7,343
12,5,6,7,129
12,5,6,7,350
12,5,6,7,708
12,5,6,7,531
12,5,6,7,535
12,5,6,7,595
12,5,6,7,446
12,5,6,7,146
12,5,6,7,499
12,5,6,7,487
12,5,6,7,599
12,5,6,7,600
12,5,6,7,423
12,5,6,7,485
12,5,6,7,755
12,5,6,7,750
12,5,6,7,378
12,5,6,7,138
12,5,6,7,479
12,5,6,7,515
12,5,6,7,304
12,5,6,7,8
12,5,6,7,543
12,5,6,7,602
12,5,6,7,263
12,5,6,7,392
12,5,6,7,174
12,5,6,7,584
12,5,6,7,296
12,5,6,7,89
12,5,6,7,673
12,5,6,7,119
12,5,6,7,53
12,5,6,7,682
12,5,6,7,243
12,5,6,7,33
12,5,6,7,298
12,5,6,7,2
12,5,6,7,388
12,5,6,7,147
12,5,6,7,373
12,5,6,7,442
12,5,6,7,63
12,5,6,7,539
12,5,6,7,651
12,5,6,7,393
12,5,6,7,528
12,5,6,7,502
12,5,6,7,365
12,5,6,7,328
12,5,6,7,316
12,5,6,7,172
12,5,6,7,615
12,5,6,7,800
12,5,6,7,130
12,5,6,7,68
12,5,6,7,441
12,5,6,7,493
12,5,6,7,214
12,5,6,7,374
12,5,6,7,604
12,5,6,7,609
12,5,6,7,9
12,5,6,7,206
12,5,6,7,411
12,5,6,7,699
12,5,6,7,424
12,5,6,7,701
12,5,6,7,775
12,5,6,7,654
12,5,6,7,131
12,5,6,7,341
12,5,6,7,594
12,5,6,7,498
12,5,6,7,489
12,5,6,7,790
12,5,6,7,422
12,5,6,7,237
12,5,6,7,783
12,5,6,7,373
12,5,6,7,722
12,5,6,7,536
12,5,6,7,687
12,5,6,7,443
12,5,6,7,143
12,5,6,7,161
12,5,6,7,225
12,5,6,7,597
12,5,6,7,390
12,5,6,7,365
12,5,6,7,264
12,5,6,7,428
12,5,6,7,82
12,5,6,7,329
12,5,6,7,573
12,5,6,7,125
12,5,6,7,671
12,5,6,7,567
12,5,6,7,251
12,5,6,7,736
12,5,6,7,214
12,5,6,7,708
12,5,6,7,75
12,5,6,7,296
12,5,6,7,0
12,5,6,7,788
12,5,6,7,725
12,5,6,7,758
12,5,6,7,202
12,5,6,7,586
12,5,6,7,122
12,5,6,7,107
12,5,6,7,74
12,5,6,7,284
12,5,6,7,655
12,5,6,7,713
12,5,6,7,477
12,5,6,7,20
12,5,6,7,216
12,5,6,7,279
12,5,6,7,757
12,5,6,7,607
12,5,6,7,50
12,5,6,7,356
12,5,6,7,538
12,5,6,7,32
12,5,6,7,589
12,5,6,7,467
12,5,6,7,305
12,5,6,7,648
12,5,6,7,506
12,5,6,7,247
12,5,6,7,514
12,5,6,7,416
12,5,6,7,85
12,5,6,7,14
12,5,6,7,382
12,5,6,7,200
12,5,6,7,632
12,5,6,7,52
12,5,6,7,304
12,5,6,7,500
12,5,6,7,461
12,5,6,7,773
12,5,6,7,785
12,5,6,7,630
12,5,6,7,258
12,5,6,7,204
12,5,6,7,316
12,5,6,7,777
12,5,6,7,215
12,5,6,7,703
12,5,6,7,644
12,5,6,7,255
12,5,6,7,589
12,5,6,7,345
12,5,6,7,758
12,5,6,7,617
12,5,6,7,262
12,5,6,7,744
12,5,6,7,734
12,5,6,7,404
12,5,6,7,750
12,5,6,7,610
12,5,6,7,316
12,5,6,7,585
12,5,6,7,436
12,5,6,7,318
12,5,6,7,348
12,5,6,7,275
12,5,6,7,646
12,5,6,7,188
12,5,6,7,114
12,5,6,7,108
12,5,6,7,278
12,5,6,7,715
12,5,6,7,706
12,5,6,7,351
12,5,6,7,56
13,6,7,8,783
13,6,7,8,704
13,6,7,8,14
13,6,7,8,787
13,6,7,8,704
13,6,7,8,135
13,6,7,8,666
13,6,7,8,544
13,6,7,8,787
13,6,7,8,781
13,6,7,8,781
13,6,7,8,751
14,3,4,4,787
14,3,4,4,727
14,3,4,4,86
14,3,4,4,651
14,3,4,4,748
14,3,4,4,590
14,3,4,4,786
14,3,4,4,561
14,3,4,4,375
14,3,4,4,84
14,3,4,4,680
14,3,4,4,684
14,3,4,4,164
14,3,4,4,739
14,3,4,4,353
14,3,4,4,191
14,3,4,4,271
14,3,4,4,328
14,3,4,4,487
14,3,4,4,587
14,3,4,4,71
14,3,4,4,403
14,3,4,4,660
14,3,4,4,182
14,3,4,4,574
14,3,4,4,96
14,3,4,4,221
14,3,4,4,646
14,3,4,4,132
14,3,4,4,459
14,3,4,4,205
14,3,4,4,754
14,3,4,4,672
14,3,4,4,771
14,3,4,4,496
14,3,4,4,66
14,3,4,4,64
14,3,4,4,248
14,3,4,4,561
14,3,4,4,552
14,3,4,4,690
14,3,4,4,666
14,3,4,4,262
14,3,4,4,194
14,3,4,4,477
14,3,4,4,377
14,3,4,4,165
14,3,4,4,323
14,3,4,4,55
14,3,4,4,592
14,3,4,4,688
14,3,4,4,143
14,3,4,4,438
14,3,4,4,508
14,3,4,4,39
14,3,4,4,16
14,3,4,4,772
14,3,4,4,617
14,3,4,4,315
14,3,4,4,703
14,3,4,4,111
14,3,4,4,30
14,3,4,4,275
14,3,4,4,252
14,3,4,4,776
14,3,4,4,587
14,3,4,4,619
14,3,4,4,189
14,3,4,4,362
14,3,4,4,388
14,3,4,4,47
14,3,4,4,622
14,3,4,4,441
14,3,4,4,59
14,3,4,4,382
14,3,4,4,438
14,3,4,4,397
14,3,4,4,270
14,3,4,4,599
14,3,4,4,243
14,3,20,44,578
14,3,4,4,27
14,3,4,4,672
14,3,4,4,423
14,3,4,4,636
14,3,4,4,305
14,3,4,4,60
14,3,4,4,689
14,3,4,4,96
14,3,4,4,638
14,3,4,4,563
14,3,4,4,146
14,3,4,4,297
14,3,4,4,613
14,3,4,4,143
14,3,4,4,333
14,3,4,4,2
14,3,4,4,515
14,3,4,4,182
14,3,4,4,381
14,3,4,4,779
14,3,4,4,381
14,3,4,4,711
14,3,4,4,164
14,3,4,4,346
14,3,4,4,653
15,2,8,9,228
15,2,8,9,478
15,2,8,9,85
15,2,8,9,447
15,2,8,9,678
15,2,8,9,126
15,2,8,9,88
15,2,8,9,496
15,2,8,9,185
15,2,8,9,210
15,2,8,9,103
15,2,8,9,550
15,2,8,9,287
15,2,8,9,267
15,2,8,9,755
15,2,8,9,586
15,2,8,9,761
15,2,8,9,316
15,2,8,9,728
15,2,8,9,355
15,2,8,9,96
15,2,8,9,781
15,2,8,9,379
15,2,8,9,69
15,2,8,9,520
15,2,8,9,596
15,2,8,9,769
15,2,8,9,278
15,2,8,9,101
15,2,8,9,320
15,2,8,9,774
15,2,8,9,519
15,2,8,9,678
15,2,8,9,23
15,2,8,9,142
15,2,8,9,103
15,2,8,9,189
15,2,8,9,602
15,2,8,9,148
15,2,8,9,172
15,2,8,9,603
15,2,8,9,374
15,2,8,9,343
15,2,8,9,202
15,2,8,9,678
15,2,8,9,786
15,2,8,9,600
15,2,8,9,258
15,2,8,9,656
15,2,8,9,736
15,2,8,9,205
15,2,8,9,251
15,2,8,9,61
15,2,8,9,287
15,2,8,9,438
15,2,8,9,2
15,2,8,9,686
15,2,8,9,266
15,2,8,9,359
15,2,8,9,100
15,2,8,9,263
15,2,8,9,28
15,2,8,9,180
15,2,8,9,248
15,2,8,9,185
15,2,8,9,532
15,2,8,9,678
15,2,8,9,111
15,2,8,9,103
15,2,8,9,186
15,2,8,9,723
15,2,8,9,185
15,2,8,9,332
15,2,8,9,39
15,2,8,9,779
15,2,8,9,169
15,2,8,9,431
15,2,8,9,388
15,2,8,9,171
15,2,8,9,734
15,2,8,9,316
15,2,8,9,435
15,2,8,9,787
15,2,8,9,111
15,2,8,9,139
15,2,8,9,279
15,2,8,9,362
15,2,8,9,750
15,2,8,9,453
15,2,8,9,411
15,2,8,9,254
15,2,8,9,178
15,2,8,9,715
15,2,8,9,95
15,2,8,9,342
15,2,8,9,542
15,2,8,9,590
15,2,8,9,95
15,2,8,9,72
15,2,8,9,674
15,2,8,9,709
15,2,8,9,153
15,2,8,9,680
15,2,8,9,318
15,2,8,9,233
16,1,3,3,660
16,1,3,3,691
16,1,3,3,96
16,1,3,3,636
16,1,3,3,96
16,1,3,3,590
16,1,3,3,220
16,1,3,3,660
17,1,1,1,551
17,1,1,1,66
17,1,1,1,96
17,1,1,1,88
17,1,1,1,173
17,1,1,1,39
17,1,1,1,307
17,1,1,1,780
17,1,1,1,113
17,1,1,1,59
17,1,1,1,96
17,1,1,1,205
17,1,1,1,465
17,1,1,1,751
17,1,1,1,590
17,1,1,1,336
17,1,1,1,664
17,1,1,1,103
17,1,1,1,678
17,1,1,1,375
17,1,1,1,0
17,1,1,1,786
17,1,1,1,96
17,1,1,1,441
17,1,1,1,643
17,1,1,1,96
17,1,1,1,88
17,1,1,1,448
17,1,1,1,365
17,1,1,1,3
17,1,1,1,265
17,1,1,1,315
17,1,1,1,121
17,1,1,1,660
17,1,1,1,372
17,1,1,1,312
17,1,1,1,496
17,1,1,1,794
17,1,1,1,651
17,1,1,1,375
17,1,1,1,488
17,1,1,1,226
17,1,1,1,382
17,1,1,1,461
17,1,1,1,270
17,1,1,1,779
17,1,1,1,450
17,1,1,1,601
17,1,1,1,377
17,1,1,1,375
17,1,1,1,157
17,1,1,1,495
17,1,1,1,683
17,1,1,1,128
17,1,1,1,550
17,1,1,1,519
17,1,1,1,301
17,1,1,1,466
17,1,1,1,592
17,1,1,1,134
17,1,1,1,362
17,1,1,1,699
17,1,1,1,196
17,1,1,1,73
17,1,1,1,303
17,1,1,1,29
17,1,1,1,77
17,1,1,1,49
17,1,1,1,96
17,1,1,1,465
17,1,1,1,798
17,1,1,1,480
17,1,1,1,88
17,1,1,1,778
17,1,1,1,96
17,1,1,1,473
17,1,1,1,658
17,1,1,1,678
17,1,1,1,96
17,1,1,1,165
17,1,1,1,675
17,1,1,1,222
17,1,1,1,576
17,1,1,1,554
17,1,1,1,378
17,1,1,1,385
17,1,1,1,582
17,1,1,1,101
17,1,1,1,154
17,1,1,1,373
17,1,1,1,270
17,1,1,1,377
17,1,1,1,690
17,1,1,1,780
17,1,1,1,96
17,1,1,1,300
17,1,1,1,402
17,1,1,1,549
17,1,1,1,563
17,1,1,1,481
17,1,1,1,209
17,1,1,1,745
17,1,1,1,276
17,1,1,1,662
17,1,1,1,252
17,1,1,1,250
17,1,1,1,565
17,1,1,1,88
17,1,1,1,590
17,1,1,1,522
17,1,1,1,146
17,1,1,1,127
17,1,1,1,88
17,1,1,1,112
17,1,1,1,219
17,1,1,1,50
17,1,1,1,30
17,1,1,1,242
17,1,1,1,366
17,1,1,1,609
17,1,1,1,84
17,1,1,1,103
17,1,1,1,328
17,1,1,1,711
17,1,1,1,590
17,1,1,1,752
17,1,1,1,267
17,1,1,1,86
17,1,1,1,220
17,1,1,1,325
18,2,9,10,250
18,2,9,10,301
18,2,9,10,549
18,2,9,10,315
18,2,9,10,397
18,2,9,10,715
19,2,9,10,788
19,2,9,10,754
19,2,9,10,665
19,2,9,10,680
19,2,9,10,343
19,2,9,10,271
19,2,9,10,691
19,2,9,10,304
19,2,9,11,377
19,2,9,10,176
19,2,9,10,110
19,2,9,10,270
19,2,9,10,222
19,2,9,10,660
19,2,9,10,786
19,2,9,10,28
19,2,9,10,299
19,2,9,10,96
19,2,9,10,590
19,2,9,10,664
19,2,9,10,277
19,2,9,11,96
19,2,9,10,637
19,2,9,10,224
19,2,9,10,96
19,2,9,10,143
19,2,9,10,467
19,2,9,10,103
19,2,9,11,590
19,2,9,10,165
19,2,9,10,73
19,2,9,10,194
19,2,9,10,766
19,2,9,11,24
19,2,9,10,209
19,2,9,10,786
19,2,9,10,281
19,2,9,10,155
19,2,9,10,265
19,2,9,10,656
19,2,9,10,0
19,2,9,10,292
19,2,9,10,582
19,2,9,10,752
19,2,9,10,780
19,2,9,10,353
19,2,9,10,583
19,2,9,10,146
19,2,9,10,54
19,2,9,10,750
19,2,9,10,713
19,2,9,10,262
19,2,9,10,96
19,2,9,10,234
19,2,9,10,687
19,2,9,10,658
19,2,9,10,347
19,2,9,10,744
19,2,9,10,727
19,2,9,10,150
19,2,9,11,159
19,2,9,10,215
19,2,9,10,219
19,2,9,10,178
19,2,9,10,165
19,2,9,10,688
19,2,9,11,297
19,2,9,10,574
19,2,9,10,98
19,2,9,10,666
19,2,9,10,139
19,2,9,10,668
19,2,9,10,496
19,2,9,10,101
19,2,9,10,617
19,2,9,10,96
19,2,9,10,626
19,2,9,10,231
20,1,1,1,62
20,1,1,1,488
20,1,1,1,375
20,1,1,1,601
20,1,1,1,730
20,1,1,1,247
20,1,1,1,737
20,1,1,1,675
20,1,1,1,249
20,1,1,1,96
20,1,1,1,769
20,1,1,1,219
20,1,1,1,96
20,1,1,1,96
20,1,1,1,176
20,1,1,1,96
20,1,1,1,0
20,1,1,1,49
20,1,1,1,786
20,1,1,1,96
20,1,1,1,111
20,1,1,1,444
20,1,1,1,680
20,1,1,1,96
20,1,1,1,508
20,1,1,1,377
20,1,1,1,575
20,1,1,1,96
21,2,10,12,29
21,2,10,12,617
21,2,10,12,219
21,2,10,12,111
22,2,9,11,745
22,2,9,10,165
22,2,9,10,644
22,2,9,10,96
22,2,9,10,96
22,2,9,10,29
22,2,9,10,181
22,2,9,10,637
22,2,9,10,355
22,2,9,10,304
22,2,9,10,590
22,2,9,10,138
22,2,9,11,746
22,2,9,10,456
22,2,9,11,159
22,2,9,10,741
22,2,9,10,97
23,2,9,10,0
23,2,9,10,786
23,2,9,11,88
23,2,9,10,637
23,2,9,10,96
23,2,9,11,678
23,2,9,11,678
23,2,9,11,24
23,2,9,10,667
23,2,9,10,25
23,2,9,11,678
23,2,9,10,6
23,2,9,10,131
23,2,9,10,96
23,2,9,10,250
23,2,9,10,612
23,2,9,10,96
23,2,9,10,56
23,2,9,10,49
23,2,9,10,103
23,2,9,11,678
24,2,9,10,144
24,2,9,10,578
24,2,9,10,134
24,2,9,10,271
24,2,9,10,0
24,2,9,10,133
24,2,9,10,598
24,2,9,10,375
24,2,9,10,29
24,2,9,10,591
24,2,9,10,347
24,2,9,10,602
24,2,9,10,565
24,2,9,10,279
24,2,9,10,610
24,2,9,11,250
25,1,1,1,793
25,1,1,1,352
25,1,1,1,662
25,1,1,1,385
25,1,1,1,96
25,1,1,1,508
25,1,1,1,636
25,1,1,1,103
25,1,1,1,373
25,1,1,1,320
25,1,1,1,56
25,1,1,1,546
26,2,2,2,590
26,2,2,2,128
26,2,2,2,460
26,2,2,2,289
26,2,2,2,660
26,2,2,2,726
26,2,2,2,666
26,2,2,2,385
26,2,2,2,388
26,2,2,2,499
26,2,2,2,628
26,2,2,2,96
26,2,2,2,118
26,2,2,2,782
26,2,2,2,656
26,2,2,2,678
26,2,2,2,750
26,2,2,2,508
26,2,2,2,505
26,2,2,2,336
26,2,2,2,304
26,2,2,2,533
26,2,2,2,680
26,2,2,2,503
26,2,2,2,96
26,2,2,2,271
26,2,2,2,488
26,2,2,2,126
26,2,2,2,280
26,2,2,2,450
26,2,2,2,787
26,2,2,54,103
26,2,2,2,783
26,2,2,2,596
26,2,2,2,196
26,2,2,2,134
26,2,2,2,2
26,2,2,2,245
26,2,2,2,182
26,2,2,2,273
26,2,2,2,550
27,1,1,1,431
27,1,1,1,750
27,1,1,1,96
27,1,1,1,590
27,1,1,1,375
27,1,1,1,142
27,1,1,1,388
27,1,1,1,5
27,1,1,1,103
27,1,1,1,251
27,1,1,1,744
27,1,1,1,103
28,0,0,13,783
28,0,0,13,728
28,0,0,13,207
28,0,0,13,679
28,0,0,13,668
28,0,0,13,410
28,0,0,13,165
28,0,0,13,780
29,1,3,3,164
29,1,3,3,729
29,1,15,43,377
29,1,15,43,66
29,1,3,3,590
29,1,3,3,165
29,1,3,3,487
30,0,11,14,678
30,0,11,14,678
30,0,11,14,88
30,0,11,14,678
30,0,11,14,678
30,0,11,14,678
30,0,11,14,678
30,0,11,14,678
30,0,11,14,678
30,0,11,14,678
30,0,11,14,678
30,0,11,14,678
30,0,11,14,678
30,0,11,14,678
30,0,11,14,678
30,0,11,14,678
30,0,11,14,678
30,0,11,14,678
30,0,11,14,88
30,0,11,14,678
30,0,11,14,678
31,0,11,15,678
31,0,11,15,678
31,0,11,15,678
31,0,11,15,678
32,1,1,1,601
32,1,1,1,699
32,1,1,1,610
32,1,1,1,180
32,1,1,1,347
33,0,12,16,599
33,0,12,16,272
33,0,12,16,736
33,0,12,16,172
33,0,12,16,660
33,0,12,16,250
33,0,12,16,656
33,0,12,16,194
33,0,12,16,666
33,0,12,16,783
33,0,12,16,327
33,0,12,16,205
33,0,12,16,508
34,1,1,1,5
34,1,1,1,377
34,1,1,1,786
34,1,1,1,219
35,0,13,17,744
35,0,13,17,636
35,0,13,17,603
35,0,13,17,176
36,0,0,18,295
36,0,0,18,388
36,0,0,18,103
36,0,0,18,709
37,6,14,19,200
37,6,14,19,555
37,6,14,19,401
37,6,14,19,69
37,6,14,19,165
37,6,14,19,14
37,6,14,19,692
37,6,14,19,206
37,6,14,19,110
37,6,14,19,66
37,6,14,19,393
37,6,14,19,711
37,6,14,19,15
37,6,14,19,590
37,6,14,19,401
37,6,14,19,530
37,6,14,19,748
37,6,14,19,727
37,6,14,19,4
37,6,14,19,411
37,6,14,19,314
37,6,14,19,652
37,6,14,19,332
37,6,14,19,127
37,6,14,19,86
37,6,14,19,51
37,6,14,19,11
37,6,14,19,660
37,6,14,19,228
37,6,14,19,334
37,6,14,19,526
37,6,14,19,505
37,6,14,19,421
37,6,14,19,630
37,6,14,19,5
37,6,14,19,171
37,6,14,19,218
37,6,14,19,272
37,6,14,19,103
37,6,14,19,627
37,6,14,19,307
37,6,14,19,427
37,6,14,19,53
37,6,14,19,336
37,6,14,19,548
37,6,14,19,489
37,6,14,19,646
37,6,14,19,712
37,6,14,19,490
37,6,14,19,487
37,6,14,19,600
37,6,14,19,789
37,6,14,19,476
37,6,14,19,648
37,6,14,19,260
37,6,14,19,795
37,6,14,19,518
37,6,14,19,187
37,6,14,19,626
37,6,14,19,391
37,6,14,19,101
37,6,14,19,139
37,6,14,19,780
37,6,14,19,283
37,6,14,19,178
37,6,14,19,484
37,6,14,19,363
37,6,14,19,745
37,6,14,19,530
37,6,14,19,105
37,6,14,19,103
37,6,14,19,121
37,6,14,19,214
37,6,14,19,703
37,6,14,19,315
37,6,14,19,306
37,6,14,19,322
37,6,14,19,729
37,6,14,19,184
37,6,14,19,4
37,6,14,19,343
37,6,14,19,444
37,6,14,19,139
37,6,14,19,748
37,6,14,19,529
37,6,14,19,564
37,6,14,19,185
37,6,14,19,62
37,6,14,19,284
37,6,14,19,66
37,6,14,19,685
37,6,14,19,318
37,6,14,19,355
37,6,14,19,590
37,6,14,19,673
37,6,14,19,477
37,6,14,19,656
37,6,14,19,786
37,6,14,19,4
37,6,14,19,164
37,6,14,19,729
37,6,14,19,281
37,6,14,19,573
37,6,14,19,1
37,6,14,19,219
37,6,14,19,50
37,6,14,19,607
37,6,14,19,201
37,6,14,19,96
37,6,14,19,96
37,6,14,19,45
37,6,14,19,248
37,6,14,19,84
37,6,14,19,153
37,6,14,19,83
37,6,14,19,775
37,6,14,19,441
37,6,14,19,761
37,6,14,19,243
37,6,14,19,27
37,6,14,19,24
37,6,14,19,411
37,6,14,19,243
37,6,14,19,139
37,6,14,19,681
37,6,14,19,169
37,6,14,19,665
37,6,14,19,385
37,6,14,19,206
37,6,14,19,348
37,6,14,19,788
37,6,14,19,529
37,6,14,19,66
37,6,14,19,355
37,6,14,19,744
37,6,14,19,431
37,6,14,19,426
37,6,14,19,691
37,6,14,19,189
37,6,14,19,438
37,6,14,19,165
37,6,14,19,720
37,6,14,19,297
37,6,14,19,503
37,6,14,19,609
37,6,14,19,64
37,6,14,19,303
37,6,14,19,683
37,6,14,19,770
37,6,14,19,103
37,6,14,19,85
37,6,14,19,113
37,6,14,19,385
37,6,14,19,632
37,6,14,19,342
37,6,14,19,619
37,6,14,19,442
37,6,14,19,375
37,6,14,19,529
37,6,14,19,96
37,6,14,19,385
37,6,14,19,660
37,6,14,19,707
37,6,14,19,510
37,6,14,19,348
37,6,14,19,66
37,6,14,19,110
37,6,14,19,786
37,6,14,19,327
37,6,14,19,331
37,6,14,19,43
37,6,14,19,305
37,6,14,19,758
37,6,14,19,126
37,6,14,19,319
37,6,14,19,614
37,6,14,19,388
37,6,14,19,139
37,6,14,19,431
37,6,14,19,780
37,6,14,19,725
37,6,14,19,96
37,6,14,19,387
37,6,14,19,385
37,6,14,19,127
37,6,14,19,464
37,6,14,19,756
37,6,14,19,201
37,6,14,19,610
37,6,14,19,623
37,6,14,19,3
37,6,14,19,500
37,6,14,19,372
37,6,14,19,141
37,6,14,19,558
37,6,14,19,682
37,6,14,19,103
37,6,14,19,535
37,6,14,19,107
37,6,14,19,507
37,6,14,19,745
37,6,14,19,740
37,6,14,19,609
37,6,14,19,310
37,6,14,19,522
37,6,14,19,92
37,6,14,19,354
37,6,14,19,561
37,6,14,19,2
37,6,14,19,202
37,6,14,19,762
37,6,14,19,487
37,6,14,19,105
37,6,14,19,102
37,6,14,19,96
37,6,14,19,215
37,6,14,19,546
37,6,14,19,80
37,6,14,19,371
37,6,14,19,112
37,6,14,19,756
37,6,14,19,428
37,6,14,19,204
37,6,14,19,374
37,6,14,19,377
37,6,14,19,632
37,6,14,19,514
37,6,14,19,479
37,6,14,19,332
37,6,14,19,510
37,6,14,19,449
37,6,14,19,103
37,6,14,19,646
37,6,14,19,554
37,6,14,19,603
37,6,14,19,9
37,6,14,19,248
37,6,14,19,143
37,6,14,19,111
37,6,14,19,385
37,6,14,19,127
37,6,14,19,238
37,6,14,19,153
37,6,14,19,100
37,6,14,19,44
37,6,14,19,101
37,6,14,19,107
37,6,14,19,689
37,6,14,19,103
37,6,14,19,66
37,6,14,19,132
37,6,14,19,385
37,6,14,19,579
37,6,14,19,451
37,6,14,19,281
37,6,14,19,116
37,6,14,19,647
37,6,14,19,575
37,6,14,19,144
37,6,14,19,224
37,6,14,19,665
37,6,14,19,523
37,6,14,19,784
37,6,14,19,141
37,6,14,19,203
37,6,14,19,319
37,6,14,19,263
37,6,14,19,128
37,6,14,19,2
37,6,14,19,714
37,6,14,19,796
37,6,14,19,96
37,6,14,19,353
37,6,14,19,471
37,6,14,19,433
37,6,14,19,339
37,6,14,19,58
37,6,14,19,66
37,6,14,19,364
37,6,14,19,672
37,6,14,19,336
37,6,14,19,159
37,6,14,19,125
37,6,14,19,113
37,6,14,19,249
37,6,14,19,605
37,6,14,19,69
37,6,14,19,23
37,6,14,19,592
37,6,14,19,103
37,6,14,19,186
37,6,14,19,155
37,6,14,19,410
37,6,14,19,660
37,6,14,19,660
37,6,14,19,436
37,6,14,19,796
37,6,14,19,590
37,6,14,19,231
37,6,14,19,103
37,6,14,19,682
37,6,14,19,612
37,6,14,19,438
37,6,14,19,576
37,6,14,19,561
37,6,14,19,597
37,6,14,19,454
37,6,14,19,635
37,6,14,19,226
37,6,14,19,631
37,6,14,19,173
37,6,14,19,138
37,6,14,19,148
37,6,14,19,560
37,6,14,19,403
37,6,14,19,95
37,6,14,19,65
37,6,14,19,181
37,6,14,19,96
37,6,14,19,106
37,6,14,19,24
37,6,14,19,174
37,6,14,19,96
37,6,14,19,635
37,6,14,19,447
37,6,14,19,769
37,6,14,19,629
37,6,14,19,116
37,6,14,19,569
37,6,14,19,791
37,6,14,19,462
37,6,14,19,95
37,6,14,19,132
37,6,14,19,766
37,6,14,19,733
37,6,14,19,488
37,6,14,19,646
37,6,14,19,333
37,6,14,19,212
37,6,14,19,14
37,6,14,19,551
37,6,14,19,517
37,6,14,19,119
37,6,14,19,597
37,6,14,19,112
37,6,14,19,96
37,6,14,19,786
37,6,14,19,449
37,6,14,19,113
37,6,14,19,615
37,6,14,19,405
37,6,14,19,707
37,6,14,19,247
37,6,14,19,96
37,6,14,19,558
37,6,14,19,373
37,6,14,19,403
37,6,14,19,554
37,6,14,19,110
37,6,14,19,789
37,6,14,19,110
37,6,14,19,677
37,6,14,19,239
37,6,14,19,96
37,6,14,19,263
37,6,14,19,124
37,6,14,19,496
37,6,14,19,636
37,6,14,19,590
37,6,14,19,79
37,6,14,19,42
37,6,14,19,126
37,6,14,19,14
37,6,14,19,32
37,6,14,19,519
37,6,14,19,101
37,6,14,19,34
37,6,14,19,794
37,6,14,19,36
37,6,14,19,450
37,6,14,19,611
37,6,14,19,448
37,6,14,19,278
37,6,14,19,228
37,6,14,19,73
37,6,14,19,111
37,6,14,19,536
37,6,14,19,597
37,6,14,19,594
37,6,14,19,304
37,6,14,19,744
37,6,14,19,104
37,6,14,19,411
37,6,14,19,513
37,6,14,19,234
37,6,14,19,110
37,6,14,19,377
37,6,14,19,445
37,6,14,19,11
37,6,14,19,578
37,6,14,19,35
37,6,14,19,655
37,6,14,19,96
37,6,14,19,638
37,6,14,19,224
37,6,14,19,709
37,6,14,19,171
37,6,14,19,696
37,6,14,19,538
37,6,14,19,645
37,6,14,19,697
37,6,14,19,5
37,6,14,19,628
37,6,14,19,426
37,6,14,19,169
37,6,14,19,673
37,6,14,19,115
37,6,14,19,375
37,6,14,19,722
37,6,14,19,5
37,6,14,19,176
37,6,14,19,520
37,6,14,19,315
37,6,14,19,498
37,6,14,19,13
37,6,14,19,723
37,6,14,19,344
37,6,14,19,531
37,6,14,19,625
37,6,14,19,32
37,6,14,19,103
37,6,14,19,473
37,6,14,19,631
37,6,14,19,304
37,6,14,19,590
37,6,14,19,472
37,6,14,19,677
37,6,14,19,686
37,6,14,19,160
37,6,14,19,502
37,6,14,19,66
37,6,14,19,427
37,6,14,19,777
37,6,14,19,96
37,6,14,19,431
37,6,14,19,629
37,6,14,19,264
37,6,14,19,162
37,6,14,19,164
37,6,14,19,648
37,6,14,19,715
37,6,14,19,1
37,6,14,19,40
37,6,14,19,12
37,6,14,19,371
37,6,14,19,82
37,6,14,19,527
37,6,14,19,108
37,6,14,19,595
37,6,14,19,481
37,6,14,19,301
37,6,14,19,187
37,6,14,19,281
37,6,14,19,755
37,6,14,19,262
37,6,14,19,53
37,6,14,19,300
37,6,14,19,264
37,6,14,19,358
37,6,14,19,199
37,6,14,19,697
37,6,14,19,496
37,6,14,19,788
37,6,14,19,243
37,6,14,19,165
37,6,14,19,267
37,6,14,19,54
37,6,14,19,268
37,6,14,19,636
37,6,14,19,452
37,6,14,19,0
37,6,14,19,687
37,6,14,19,4
37,6,14,19,215
37,6,14,19,264
37,6,14,19,118
37,6,14,19,316
37,6,14,19,86
37,6,14,19,787
37,6,14,19,137
37,6,14,19,389
37,6,14,19,622
37,6,14,19,164
37,6,14,19,700
37,6,14,19,310
37,6,14,19,730
37,6,14,19,281
37,6,14,19,786
37,6,14,19,106
37,6,14,19,674
37,6,14,19,55
37,6,14,19,653
37,6,14,19,763
37,6,14,19,100
37,6,14,19,30
37,6,14,19,646
37,6,14,19,679
37,6,14,19,675
37,6,14,19,111
37,6,14,19,386
37,6,14,19,385
37,6,14,19,302
37,6,14,19,796
37,6,14,19,174
37,6,14,19,218
37,6,14,19,63
37,6,14,19,688
37,6,14,19,786
37,6,14,19,535
37,6,14,19,616
37,6,14,19,262
37,6,14,19,96
37,6,14,19,52
37,6,14,19,319
37,6,14,19,624
37,6,14,19,186
37,6,14,19,163
37,6,14,19,385
37,6,14,19,206
37,6,14,19,660
37,6,14,19,259
37,6,14,19,590
37,6,14,19,342
37,6,14,19,590
37,6,14,19,722
37,6,14,19,11
37,6,14,19,139
37,6,14,19,199
37,6,14,19,102
37,6,14,19,270
37,6,14,19,439
37,6,14,19,13
37,6,14,19,60
37,6,14,19,769
37,6,14,19,395
37,6,14,19,273
37,6,14,19,592
37,6,14,19,510
37,6,14,19,95
37,6,14,19,96
37,6,14,19,487
37,6,14,19,96
37,6,14,19,532
37,6,14,19,720
37,6,14,19,322
37,6,14,19,660
37,6,14,19,719
37,6,14,19,796
37,6,14,19,696
37,6,14,19,733
37,6,14,19,377
37,6,14,19,258
37,6,14,19,202
37,6,14,19,416
37,6,14,19,415
37,6,14,19,49
37,6,14,19,56
37,6,14,19,318
37,6,14,19,105
37,6,14,19,636
37,6,14,19,777
37,6,14,19,382
37,6,14,19,216
37,6,14,19,289
37,6,14,19,643
37,6,14,19,660
37,6,14,19,268
37,6,14,19,95
37,6,14,19,27
37,6,14,19,317
37,6,14,19,166
37,6,14,19,690
37,6,14,19,590
37,6,14,19,482
37,6,14,19,257
37,6,14,19,419
37,6,14,19,48
37,6,14,19,780
37,6,14,19,233
37,6,14,19,626
37,6,14,19,680
37,6,14,19,383
37,6,14,19,780
37,6,14,19,139
37,6,14,19,493
37,6,14,19,221
37,6,14,19,333
37,6,14,19,247
37,6,14,19,445
37,6,14,19,378
37,6,14,19,419
37,6,14,19,464
37,6,14,19,261
37,6,14,19,5
37,6,14,19,660
37,6,14,19,224
37,6,14,19,100
37,6,14,19,526
37,6,14,19,241
37,6,14,19,178
37,6,14,19,66
37,6,14,19,559
37,6,14,19,590
37,6,14,19,292
37,6,14,19,636
37,6,14,19,610
37,6,14,19,795
37,6,14,19,660
37,6,14,19,159
37,6,14,19,441
37,6,14,19,692
37,6,14,19,396
37,6,14,19,217
37,6,14,19,371
37,6,14,19,256
37,6,14,19,132
37,6,14,19,676
37,6,14,19,119
37,6,14,19,385
37,6,14,19,641
37,6,14,19,66
37,6,14,19,545
37,6,14,19,563
37,6,14,19,365
37,6,14,19,308
37,6,14,19,791
37,6,14,19,70
37,6,14,19,725
37,6,14,19,394
37,6,14,19,659
37,6,14,19,539
37,6,14,19,165
37,6,14,19,211
37,6,14,19,491
37,6,14,19,785
37,6,14,19,143
37,6,14,19,503
37,6,14,19,281
38,0,0,13,95
38,0,0,13,205
38,0,0,13,110
38,0,0,13,107
38,0,0,13,572
38,0,0,13,560
38,0,0,13,93
38,0,0,13,218
38,0,0,13,691
38,0,0,13,111
39,1,1,1,352
39,1,1,1,171
39,1,1,1,750
39,1,1,1,503
39,1,1,1,219
39,1,1,1,329
39,1,1,1,595
39,1,1,1,496
39,1,1,1,603
39,1,1,1,417
39,1,1,1,133
39,1,1,1,638
39,1,1,1,489
39,1,1,1,323
39,1,1,1,309
39,1,1,1,205
39,1,1,1,709
39,1,1,1,506
39,1,1,1,270
39,1,1,1,726
39,1,1,1,590
39,1,1,1,770
39,1,1,1,303
39,1,1,1,101
39,1,1,1,408
39,1,1,1,411
39,1,1,1,272
39,1,1,1,787
39,1,1,1,534
39,1,1,1,1
39,1,1,1,222
39,1,1,1,585
39,1,1,1,506
39,1,1,1,448
39,1,1,1,715
39,1,1,1,793
39,1,1,1,676
39,1,1,1,569
40,2,10,20,772
40,2,10,20,85
40,2,10,20,536
40,2,10,20,143
40,2,10,20,295
40,2,10,20,791
40,2,10,20,184
40,2,10,20,417
40,2,10,20,489
40,2,10,20,310
40,2,10,20,205
40,2,10,20,73
40,2,10,20,272
40,2,10,20,108
40,2,10,20,183
40,2,10,20,155
40,2,10,20,129
40,2,10,20,723
40,2,10,20,384
40,2,10,20,751
40,2,10,20,725
40,2,10,20,115
40,2,10,20,488
40,2,10,20,800
40,2,10,20,310
40,2,10,20,262
40,2,10,20,706
40,2,10,20,520
40,2,10,20,352
40,2,10,20,261
41,2,10,21,87
41,2,10,21,95
41,2,10,21,96
41,2,10,21,103
41,2,10,21,751
41,2,10,21,96
41,2,10,21,691
41,2,10,21,511
41,2,10,21,96
42,1,1,1,783
42,1,1,1,205
42,1,1,1,788
42,1,1,1,197
42,1,1,1,751
42,1,1,1,126
42,1,1,1,367
42,1,1,1,214
42,1,1,1,248
42,1,1,1,766
42,1,1,1,155
42,1,1,1,459
42,1,1,1,464
42,1,1,1,551
42,1,1,1,333
42,1,1,1,95
43,2,9,10,725
43,2,9,10,267
43,2,9,10,610
43,2,9,10,727
43,2,9,10,142
43,2,9,10,110
43,2,9,10,236
43,2,9,10,795
43,2,9,10,354
43,2,9,10,786
43,2,9,10,622
43,2,9,10,508
43,2,9,10,180
43,2,9,10,27
43,2,9,10,352
43,2,9,10,555
43,2,9,11,590
43,2,9,10,199
43,2,9,10,744
43,2,9,10,96
43,2,9,10,575
43,2,9,10,489
43,2,9,10,388
43,2,9,10,656
43,2,9,10,126
43,2,9,10,420
43,2,9,10,555
43,2,9,11,519
43,2,9,10,4
43,2,9,10,239
44,2,9,10,194
44,2,9,10,680
44,2,9,10,292
44,2,9,10,300
44,2,9,10,430
44,2,9,11,736
44,2,9,10,342
44,2,9,10,96
44,2,9,10,56
44,2,9,10,793
44,2,9,11,383
44,2,9,10,691
44,2,9,10,636
44,2,9,10,494
44,2,9,11,678
44,2,9,10,508
44,2,9,10,780
44,2,9,10,96
44,2,9,10,101
44,2,9,11,678
44,2,9,10,733
44,2,9,10,79
44,2,9,10,219
44,2,9,11,770
44,2,9,10,179
44,2,9,11,138
44,2,9,10,354
44,2,9,11,780
44,2,9,11,607
44,2,9,10,565
44,2,9,10,709
44,2,9,10,598
44,2,9,11,632
44,2,9,10,321
44,2,9,10,110
44,2,9,10,96
44,2,9,11,88
44,2,9,11,678
44,2,9,10,478
44,2,9,10,693
44,2,9,10,62
44,2,9,10,496
44,2,9,10,736
44,2,9,10,262
44,2,9,10,788
44,2,9,10,690
44,2,9,10,96
44,2,9,10,103
44,2,9,10,142
44,2,9,11,693
44,2,9,10,519
44,2,9,10,488
44,2,9,10,743
45,1,15,22,703
45,1,15,22,29
45,1,15,22,375
45,1,15,22,450
45,1,15,22,522
45,1,15,22,103
45,1,15,22,550
45,1,15,22,539
45,1,15,22,362
45,1,15,22,165
45,1,15,22,448
45,1,15,22,196
45,1,15,22,643
45,1,15,22,508
45,1,15,22,385
45,1,15,22,752
45,1,15,22,127
45,1,15,22,778
45,1,15,22,592
45,1,15,22,495
45,1,15,22,465
45,1,15,22,101
45,1,15,22,209
45,1,15,22,377
45,1,15,22,582
45,1,15,22,601
45,1,15,22,315
45,1,15,22,466
45,1,15,22,519
45,1,15,22,563
45,1,15,22,496
45,1,15,22,366
46,0,0,13,0
46,0,0,13,592
46,0,0,13,751
46,0,0,13,135
46,3,4,4,703
46,0,0,13,642
46,0,0,13,244
46,0,0,13,266
46,0,0,13,744
46,0,0,13,144
46,0,0,13,448
46,0,0,13,725
46,0,0,13,488
46,0,0,13,101
46,0,0,13,578
46,0,0,13,143
46,0,0,13,385
46,0,0,13,679
46,0,0,13,632
46,0,0,13,199
46,0,0,13,388
46,0,0,13,318
46,0,0,13,111
46,0,0,13,720
46,0,0,13,736
46,0,0,13,113
46,0,0,13,496
46,0,0,13,347
46,0,0,13,794
46,0,0,13,166
46,0,0,13,142
46,0,0,13,476
47,2,9,10,166
47,2,9,10,410
47,2,9,10,398
47,2,9,10,664
47,2,9,10,565
47,2,9,10,590
47,2,9,11,220
47,2,9,10,666
47,2,9,10,457
47,2,9,10,527
47,2,9,11,21
47,2,9,11,385
47,2,9,10,96
47,2,9,10,632
47,2,9,10,160
47,2,9,10,333
47,2,9,10,189
47,2,9,10,769
47,2,9,10,87
47,2,9,10,482
47,2,9,10,759
47,2,9,10,343
47,2,9,11,778
47,2,9,10,390
47,2,9,10,143
47,2,9,10,461
47,2,9,10,250
47,2,9,10,247
48,1,1,1,159
48,1,1,1,164
48,1,1,1,750
48,1,1,1,318
48,1,1,1,159
48,1,1,1,96
48,1,1,1,375
48,1,1,1,249
49,1,1,1,92
49,1,1,1,590
49,1,1,1,89
49,1,1,1,660
50,4,5,5,180
50,4,5,5,349
50,0,0,0,215
50,0,0,0,659
50,4,5,5,215
50,0,0,0,349
51,4,5,5,218
51,0,0,0,554
51,0,0,0,616
51,0,0,0,574
51,4,5,5,674
51,0,0,0,736
51,0,0,0,391
51,4,5,5,262
51,4,5,5,384
51,4,5,5,75
51,4,5,5,101
51,4,5,5,650
51,0,0,0,384
51,0,0,0,144
51,4,5,51,144
51,4,5,5,604
51,4,5,5,467
51,0,0,0,248
51,0,0,0,471
51,0,0,0,116
51,4,5,51,736
51,4,5,5,174
51,4,5,5,143
51,4,5,5,116
51,0,0,0,281
51,4,5,5,554
51,4,5,5,620
51,4,5,5,521
51,0,0,0,77
51,4,5,5,180
51,4,5,5,378
51,0,0,0,481
51,4,5,5,313
51,4,5,5,402
51,4,5,5,712
51,0,0,0,75
51,4,5,5,77
51,4,5,5,481
51,4,5,5,78
51,0,0,0,337
51,0,0,0,411
51,4,5,5,772
51,0,0,0,599
51,4,5,5,150
51,0,0,0,633
51,4,5,5,80
51,0,0,0,489
51,0,0,0,586
51,4,5,5,194
51,0,0,0,392
51,4,5,5,332
51,0,0,0,431
51,0,0,0,143
51,4,5,5,522
51,4,5,5,550
51,0,0,0,100
51,0,0,0,270
51,4,5,5,639
51,0,0,0,30
51,4,5,5,270
51,4,5,5,411
51,0,0,0,233
51,0,0,0,378
51,0,0,0,332
51,4,5,5,722
51,4,5,5,125
51,4,5,5,392
51,4,5,5,491
51,0,0,0,218
51,0,0,0,132
51,0,0,0,222
51,0,0,0,95
51,0,0,0,125
51,0,0,0,722
51,0,0,0,180
51,4,5,5,25
51,0,0,0,78
51,0,0,0,119
51,4,5,5,391
51,0,0,0,297
51,0,0,0,150
51,0,0,0,620
51,0,0,0,80
51,0,0,0,194
51,4,5,5,431
51,0,0,0,604
51,4,5,5,100
51,0,0,0,434
51,4,5,5,574
51,4,5,5,599
51,4,5,5,281
51,0,0,0,522
51,0,0,0,639
51,0,0,0,86
51,0,0,0,467
51,0,0,0,402
51,4,5,5,233
51,4,5,5,86
51,0,0,0,133
51,4,5,5,132
51,4,5,5,616
51,4,5,51,174
51,4,5,5,337
51,4,5,5,660
51,4,5,5,368
51,4,5,5,39
51,0,0,0,712
51,4,5,5,222
51,0,0,0,600
51,4,5,5,248
51,4,5,5,620
51,4,5,5,220
51,4,5,5,721
51,4,5,5,633
51,4,5,5,477
51,4,5,5,471
51,0,0,0,450
51,4,5,5,119
51,4,5,5,65
51,4,5,51,116
51,4,5,5,489
51,0,0,0,550
52,7,16,23,608
52,7,16,23,96
52,7,16,23,165
52,7,16,23,329
53,0,0,13,133
53,0,0,13,1
53,0,0,13,635
53,0,0,13,794
53,0,0,13,362
53,0,0,13,322
53,0,0,13,57
54,0,17,24,84
54,0,17,24,496
54,0,17,24,612
54,0,17,24,3
54,0,17,24,297
54,0,17,24,744
54,0,17,24,793
54,0,17,24,142
54,0,17,24,242
54,0,17,24,0
54,0,17,24,268
54,0,17,24,388
55,0,0,18,562
55,0,0,18,249
55,0,0,18,375
55,0,0,18,110
55,0,0,18,730
55,0,0,18,546
55,0,0,18,43
55,0,0,18,743
55,0,0,18,507
55,0,0,18,250
55,0,0,18,180
55,0,0,18,574
55,0,0,18,95
55,2,2,54,211
55,0,0,18,49
55,0,0,18,680
55,0,0,18,4
55,0,0,18,205
55,0,0,18,487
56,1,1,1,795
56,1,1,1,508
56,1,1,1,332
56,1,1,1,142
56,1,1,1,385
56,1,1,1,166
57,8,18,25,636
57,8,18,25,329
57,8,18,25,660
57,8,18,25,565
58,0,0,18,0
58,0,0,18,329
58,0,0,18,636
58,0,0,18,496
58,0,0,18,126
58,0,0,18,410
58,0,0,18,603
58,0,0,18,690
58,0,0,18,103
59,0,0,26,69
59,0,0,26,411
59,0,0,26,6
59,0,0,26,481
59,0,0,26,651
59,0,0,26,296
59,0,0,26,208
59,0,0,26,304
59,0,0,26,267
59,0,0,26,461
59,0,0,26,494
59,0,0,26,354
59,0,0,26,389
59,0,0,26,286
59,0,0,26,262
59,0,0,26,198
59,0,0,26,195
59,0,0,26,775
59,0,0,26,372
59,0,0,26,403
59,0,0,26,388
59,0,0,26,126
59,0,0,26,758
59,0,0,26,143
59,0,0,26,128
59,0,0,26,181
59,0,0,26,365
59,0,0,26,738
59,0,0,26,597
59,0,0,26,426
59,0,0,26,715
59,0,0,26,358
59,0,0,26,717
59,0,0,26,764
59,0,0,26,616
59,0,0,26,1
59,0,0,26,502
59,0,0,26,347
59,0,0,26,459
59,0,0,26,547
59,0,0,26,312
59,0,0,26,330
59,0,0,26,199
59,0,0,26,192
59,0,0,26,276
59,0,0,26,556
59,0,0,26,519
59,0,0,26,671
59,0,0,26,604
59,0,0,26,573
59,0,0,26,787
59,0,0,26,582
59,0,0,26,30
59,0,0,26,503
59,0,0,26,314
59,0,0,26,607
60,0,0,13,129
60,0,0,13,153
60,0,0,13,601
60,0,0,13,250
60,0,0,13,314
60,0,0,13,775
60,0,0,13,155
60,0,0,13,574
60,0,0,13,138
60,0,0,13,189
60,0,0,13,108
60,0,0,13,176
60,0,0,13,143
60,0,0,13,296
60,0,0,13,45
60,0,0,13,0
60,0,0,13,132
60,0,0,13,707
60,0,0,13,208
60,0,0,13,126
60,0,0,13,133
60,0,0,13,441
60,0,0,13,323
60,0,0,13,29
60,0,0,13,481
60,0,0,13,653
60,0,0,13,83
60,0,0,13,138
61,0,0,13,272
61,0,0,13,672
61,0,0,13,264
61,0,17,47,0
61,0,0,13,466
61,0,0,13,64
61,3,4,4,0
61,0,0,13,0
62,1,3,27,660
62,1,3,27,367
62,1,3,27,72
62,1,3,27,103
63,0,19,28,690
63,0,19,28,754
63,0,19,28,30
63,0,19,28,108
63,0,19,28,166
63,0,19,28,111
64,0,0,13,795
64,0,0,13,176
64,0,0,13,656
64,0,0,13,508
65,1,3,3,49
65,1,3,3,678
65,1,3,3,97
65,1,3,3,96
65,1,3,3,164
65,1,3,3,96
65,1,15,43,97
66,1,1,1,388
66,1,1,1,678
66,1,1,1,180
66,1,1,1,678
67,0,0,13,214
67,0,0,13,787
67,0,0,13,800
67,0,0,13,574
68,2,9,10,388
68,2,9,10,574
68,2,9,10,385
68,2,9,10,160
69,4,5,5,292
69,0,0,13,292
69,4,5,5,709
69,0,0,13,709
69,4,5,5,612
70,0,0,18,19
70,0,0,18,366
70,0,0,18,108
70,0,0,18,590
70,0,0,18,264
70,0,0,18,180
70,0,0,18,750
70,0,0,18,329
70,0,0,18,603
70,0,0,18,648
70,0,0,18,456
70,0,0,18,612
71,6,7,29,223
71,6,7,29,743
71,6,7,29,240
71,6,7,29,267
72,1,1,1,250
72,1,1,1,21
72,1,1,1,375
72,1,1,1,497
72,1,1,1,120
72,1,1,1,155
72,1,1,1,60
72,1,1,1,222
72,1,1,1,598
72,1,1,1,189
72,1,1,1,507
72,1,1,1,592
72,1,1,1,388
72,1,1,1,242
72,1,1,1,103
72,1,1,1,750
73,0,0,0,70
73,0,0,0,544
73,0,0,0,401
73,0,0,0,543
73,0,0,0,783
73,0,0,0,69
73,0,0,0,197
73,0,0,0,570
73,0,0,0,449
73,0,0,0,335
73,0,0,0,457
73,0,0,0,646
73,0,0,0,635
73,0,0,0,742
73,0,0,0,78
73,0,0,0,369
73,0,0,0,410
73,0,0,0,445
73,0,0,0,32
73,0,0,0,96
73,0,0,0,612
73,0,0,0,460
73,0,0,0,139
73,0,0,0,622
73,0,0,0,455
73,0,0,0,524
73,0,0,0,698
73,0,0,0,601
73,0,0,0,295
73,0,0,0,185
73,0,0,0,57
73,0,0,0,213
73,0,0,0,568
73,0,0,0,434
73,0,0,0,83
73,0,0,0,92
73,0,0,0,772
73,0,0,0,609
73,0,0,0,561
73,0,0,0,11
73,0,0,0,39
73,0,0,0,270
73,0,0,0,174
73,0,0,0,522
73,0,0,0,450
73,0,0,0,606
73,0,0,0,132
73,0,0,0,477
73,0,0,0,233
73,0,0,0,372
73,0,0,0,709
73,0,0,0,186
73,0,0,0,157
73,0,0,0,115
73,0,0,0,138
73,0,0,0,716
73,0,0,0,126
73,0,0,0,113
73,0,0,0,660
73,0,0,0,437
73,0,0,0,515
73,0,0,0,281
73,0,0,0,3
73,0,0,0,143
73,0,0,0,136
73,0,0,0,178
73,0,0,0,113
73,0,0,0,204
73,0,0,0,603
73,0,0,0,634
73,0,0,0,143
73,0,0,0,354
73,0,0,0,84
73,0,0,0,329
73,0,0,0,227
73,0,0,0,303
74,4,5,5,522
74,4,5,5,199
74,4,5,5,113
74,4,5,5,69
74,4,5,5,570
74,4,5,5,227
74,4,5,5,477
74,4,5,5,716
74,4,5,5,449
74,4,5,5,401
74,4,5,5,11
74,4,5,5,450
74,4,5,5,561
74,4,5,5,797
74,4,5,5,78
74,4,5,5,173
74,4,5,5,405
74,4,5,5,543
74,4,5,5,342
74,4,5,5,143
74,4,5,5,32
74,4,5,5,70
74,4,5,5,201
74,4,5,5,329
74,4,5,5,24
74,4,5,5,136
74,4,5,51,3
74,4,5,5,43
74,4,5,5,698
74,4,5,5,601
74,4,5,5,445
74,4,5,5,138
74,4,5,5,438
74,4,5,5,240
74,4,5,5,385
74,4,5,5,680
74,4,5,5,555
74,4,5,5,213
74,4,5,5,524
74,4,5,5,83
74,4,5,51,751
74,4,5,5,295
74,4,5,5,186
74,4,5,5,635
74,4,5,5,410
74,4,5,5,742
74,4,5,5,96
74,4,5,5,202
74,4,5,5,115
74,4,5,5,622
74,4,5,5,660
74,4,5,5,281
74,4,5,5,434
74,4,5,5,113
74,4,5,5,783
74,4,5,5,455
74,4,5,5,174
74,4,5,5,709
74,4,5,5,39
74,4,5,5,157
74,4,5,5,709
74,4,5,5,204
74,4,5,51,693
74,4,5,5,603
74,4,5,5,132
74,4,5,51,113
74,4,5,5,185
74,4,5,5,460
74,4,5,5,78
74,4,5,5,369
74,4,5,5,323
74,4,5,5,568
74,4,5,5,751
74,4,5,5,652
74,4,5,5,612
74,4,5,5,634
74,4,5,5,126
74,4,5,5,646
74,4,5,51,634
74,4,5,51,385
74,4,5,5,361
74,4,5,5,372
74,4,5,5,354
74,4,5,5,178
74,4,5,5,643
74,4,5,5,197
74,4,5,5,139
74,4,5,5,388
74,4,5,5,609
75,6,7,29,496
75,6,7,29,103
75,6,7,29,47
75,6,7,29,219
75,6,7,29,592
75,6,7,29,590
75,6,7,29,733
76,0,19,28,103
76,0,19,28,144
76,0,19,28,728
76,0,19,28,603
76,0,19,28,668
76,0,19,28,553
77,3,20,30,750
77,3,20,30,270
77,3,20,30,507
77,3,20,30,490
78,4,21,31,544
78,4,21,31,383
78,4,21,31,271
78,4,21,31,93
79,0,0,26,754
79,0,0,26,750
79,0,0,26,329
79,0,0,26,142
79,0,0,26,744
80,0,19,32,49
80,0,19,32,598
80,0,19,32,693
80,0,19,32,205
80,0,19,32,249
80,0,19,32,126
80,0,19,32,496
80,0,19,32,262
80,0,19,32,347
80,0,19,32,398
80,0,19,32,783
80,0,19,32,96
80,0,19,32,103
80,0,19,32,121
80,0,19,32,733
80,0,19,32,301
80,0,19,32,497
80,0,19,32,111
80,0,19,32,101
80,0,19,32,601
80,0,19,32,233
80,0,19,32,431
80,0,19,32,336
80,0,19,32,747
80,0,19,32,398
80,0,19,32,142
80,0,19,32,367
80,0,19,32,234
80,0,19,32,733
80,0,19,32,63
80,0,19,32,80
80,0,19,32,461
80,0,19,32,608
80,0,19,32,750
80,0,19,32,582
80,0,19,32,194
80,0,19,32,96
80,0,19,32,0
80,0,19,32,782
80,0,19,32,6
80,0,19,32,176
80,0,19,32,378
81,0,13,33,110
81,0,13,33,388
81,0,13,33,96
81,0,13,33,329
82,2,9,10,239
82,2,9,10,273
82,2,9,10,643
82,2,9,10,658
83,3,28,59,155
83,3,28,59,416
83,3,28,59,66
83,3,28,59,66
83,0,22,34,350
83,3,28,59,751
83,0,22,34,219
83,0,22,34,54
83,3,28,59,416
83,3,28,59,653
83,0,22,34,578
83,3,28,59,194
84,0,19,32,179
84,0,19,32,488
84,0,19,32,142
84,0,19,32,249
84,0,19,32,96
84,0,19,32,307
84,0,19,32,97
84,0,19,32,691
84,0,19,32,154
84,0,19,32,0
84,0,19,32,96
84,0,19,32,666
85,2,9,10,11
85,2,9,10,532
85,2,9,10,353
85,2,9,10,336
85,2,9,10,214
85,2,9,10,249
85,2,9,10,2
85,2,9,10,519
85,2,9,10,442
85,2,9,10,2
85,2,9,10,319
85,2,9,10,666
85,2,9,10,613
85,2,9,10,264
85,2,9,10,11
85,2,9,10,499
85,2,9,10,575
85,2,9,10,665
85,2,9,10,69
85,2,9,10,266
85,2,9,10,389
85,2,9,11,27
86,3,20,30,590
86,3,20,30,388
86,3,20,30,142
86,3,20,30,126
86,3,20,30,262
86,3,20,30,0
87,0,0,18,590
87,0,0,18,219
87,0,0,18,750
87,0,0,18,775
87,0,0,18,103
87,0,0,18,448
88,0,13,17,120
88,0,13,17,793
88,0,13,17,249
88,0,13,17,86
88,0,13,17,496
88,0,13,17,205
88,0,13,17,750
88,0,13,17,214
89,1,1,35,329
89,1,1,35,103
89,1,1,35,249
89,1,1,35,103
90,0,19,32,299
90,0,19,32,648
90,0,19,32,636
90,0,19,32,693
90,0,19,32,73
90,0,19,32,444
90,0,19,32,5
90,0,19,32,231
90,0,19,32,632
90,0,19,32,96
90,0,19,32,236
90,0,19,32,620
90,0,19,32,103
90,0,19,32,686
90,0,19,32,318
90,0,19,32,142
90,0,19,32,592
90,0,19,32,146
90,0,19,32,786
91,0,12,36,205
91,0,12,36,553
91,0,12,36,553
91,0,12,36,249
91,0,12,36,385
91,0,12,36,497
91,0,12,36,103
91,0,12,36,78
91,0,12,36,111
91,0,12,36,329
92,1,1,1,660
92,1,1,35,96
92,1,1,35,96
92,1,1,1,680
93,0,19,32,270
93,0,19,32,96
93,0,19,32,142
93,0,19,32,610
93,0,19,32,466
93,0,19,32,272
94,1,3,3,646
94,1,3,3,566
94,1,3,3,680
94,1,3,3,4
94,1,3,3,96
94,1,3,3,159
95,2,2,6,67
95,2,2,6,159
95,2,2,6,159
95,2,2,6,159
95,2,2,54,103
95,2,2,6,134
95,2,2,6,277
95,2,2,6,159
96,0,0,26,347
96,0,0,26,140
96,0,0,26,147
96,0,0,26,142
96,0,0,26,693
96,0,0,26,464
96,0,0,26,86
96,0,0,26,637
96,0,0,26,270
96,0,0,26,243
96,0,0,26,750
96,0,0,26,126
96,0,0,26,388
96,0,0,26,596
96,0,0,26,25
96,0,0,26,29
96,0,0,26,480
96,0,0,26,699
96,0,0,26,112
96,0,0,26,313
96,0,0,26,611
96,0,0,26,595
96,0,0,26,267
96,0,0,26,585
96,0,0,26,431
96,0,0,26,272
96,0,0,26,366
96,0,0,26,266
96,0,0,26,583
96,0,0,26,82
96,0,0,26,754
96,0,0,26,304
96,0,0,26,205
96,0,0,26,709
96,0,0,26,19
96,0,0,26,41
96,0,0,26,28
96,0,0,26,182
96,0,0,26,777
96,0,0,26,793
96,0,0,26,341
96,0,0,26,457
96,0,0,26,327
97,1,1,37,101
97,1,1,37,388
97,1,1,37,729
97,1,1,37,205
97,1,1,37,612
97,1,1,37,793
97,1,1,37,142
97,1,1,37,96
98,1,15,22,115
98,1,15,22,50
98,1,15,22,373
98,1,15,22,334
98,1,15,22,517
98,1,15,22,341
98,1,15,22,617
98,1,15,22,275
99,1,3,3,332
99,1,3,3,66
99,1,3,3,745
99,1,3,3,106
100,5,23,38,697
100,5,23,38,345
100,5,23,38,643
100,5,23,38,390
100,5,23,38,50
100,5,23,38,549
100,5,23,38,598
100,5,23,38,283
100,5,23,38,791
100,5,23,38,254
100,5,23,38,189
100,5,23,38,15
100,5,23,38,584
100,5,23,38,743
100,5,23,38,373
100,5,23,38,729
100,5,23,38,666
100,5,23,38,138
100,5,23,38,369
100,5,23,38,653
100,5,23,38,271
100,5,23,38,455
100,5,23,38,789
100,5,23,38,142
100,5,23,38,529
100,5,23,38,754
100,5,23,38,202
100,5,23,38,796
100,5,23,38,721
100,5,23,38,251
100,5,23,38,300
100,5,23,38,181
100,5,23,38,2
100,5,23,38,351
100,5,23,38,209
100,5,23,38,545
100,5,23,38,378
100,5,23,38,66
100,5,23,38,34
100,5,23,38,787
100,5,23,38,186
100,5,23,38,609
100,5,23,38,11
100,5,23,38,753
100,5,23,38,715
100,5,23,38,91
100,5,23,38,162
100,5,23,38,302
100,5,23,38,464
100,5,23,38,141
100,5,23,38,173
100,5,23,38,242
100,5,23,38,14
100,5,23,38,258
100,5,23,38,736
100,5,23,38,262
100,5,23,38,783
100,5,23,38,578
101,0,19,32,682
101,0,19,32,233
101,0,19,32,536
101,0,19,32,23
101,0,19,32,696
101,0,19,32,0
101,0,19,32,609
101,0,19,32,466
101,0,19,32,50
101,0,19,32,715
101,0,19,32,457
101,0,19,32,100
101,0,19,32,162
101,0,19,32,738
101,0,19,32,286
101,0,19,32,709
101,0,19,32,168
101,0,19,32,276
101,0,19,32,197
101,0,19,32,596
101,0,19,32,583
101,0,19,32,345
101,0,19,32,182
101,0,19,32,423
101,0,19,32,576
101,0,19,32,248
101,0,19,32,147
101,0,19,32,667
101,0,19,32,292
101,0,19,32,329
101,0,19,32,155
101,0,19,32,711
101,0,19,32,144
101,0,19,32,755
101,0,19,32,658
101,0,19,32,787
101,0,19,32,794
101,0,19,32,24
101,0,19,32,758
101,0,19,32,777
101,0,19,32,596
101,0,19,32,216
101,0,19,32,627
101,0,19,32,519
101,0,19,32,35
101,0,19,32,610
101,0,19,32,196
101,0,19,32,683
101,0,19,32,302
101,0,19,32,675
101,0,19,32,439
102,0,13,33,165
102,0,13,33,729
102,0,13,33,110
102,0,13,33,247
103,7,24,39,674
103,7,24,39,674
103,7,24,39,674
103,7,24,39,674
104,1,1,1,96
104,1,1,1,66
104,1,1,1,636
104,1,1,1,220
105,2,9,10,758
105,2,9,10,42
105,2,9,10,601
105,2,9,10,691
105,2,9,10,50
105,2,9,10,727
105,2,9,10,431
105,2,9,10,553
105,2,9,10,531
105,2,9,10,160
105,2,9,10,402
105,2,9,10,487
105,2,9,10,4
105,2,9,10,275
105,2,9,10,674
105,2,9,10,567
105,2,9,10,96
106,1,1,1,187
106,1,1,1,796
106,1,1,1,610
106,1,1,1,754
106,1,1,1,522
106,1,1,1,300
107,6,7,8,32
107,6,7,8,507
107,6,7,8,2
107,6,7,8,546
107,6,7,8,410
107,6,7,8,796
107,6,7,8,127
107,6,7,8,335
107,6,7,8,322
107,6,7,8,749
107,6,7,8,4
107,6,7,8,260
108,1,3,3,96
108,1,3,3,96
108,1,3,3,532
108,1,3,3,88
109,0,0,13,28
109,0,0,13,59
109,0,0,13,353
109,0,0,13,75
110,8,18,25,680
110,8,18,25,780
110,8,18,25,636
110,8,18,25,377
111,0,13,40,233
111,0,13,40,262
111,0,13,40,667
111,0,13,40,142
111,0,13,40,685
111,0,13,40,96
111,0,13,40,687
111,0,13,40,488
111,0,13,40,292
111,0,13,40,295
111,0,13,40,142
111,0,13,40,86
111,0,13,40,155
111,0,13,40,667
111,0,13,40,0
111,0,13,40,329
112,2,9,41,347
112,2,9,41,215
112,2,9,41,561
112,2,9,41,86
112,2,9,41,53
112,2,9,41,84
112,2,9,41,296
112,2,9,41,49
113,0,19,28,336
113,0,19,28,736
113,0,19,28,656
113,0,19,28,205
114,0,13,33,247
114,0,13,33,176
114,0,13,33,444
114,0,13,33,97
115,4,5,42,205
115,4,5,42,341
115,4,5,42,271
115,4,5,42,272
115,4,5,42,166
115,4,5,42,736
115,4,5,42,466
115,4,5,42,141
115,4,5,42,366
115,4,5,42,347
115,4,5,42,0
115,4,5,42,790
115,4,5,42,131
115,4,5,42,441
115,4,5,42,323
115,4,5,42,616
115,4,5,42,86
115,4,5,42,534
115,4,5,42,263
115,4,5,42,100
116,1,1,35,488
116,1,1,35,434
116,1,1,35,84
116,1,1,35,407
116,1,1,35,7
117,0,19,32,457
117,0,19,32,50
117,0,19,32,766
117,0,19,32,262
117,0,19,32,794
117,0,19,32,395
117,0,19,32,242
117,0,19,32,709
117,0,19,32,667
117,0,19,32,519
117,0,19,32,69
117,0,19,32,254
117,0,19,32,627
117,0,19,32,536
117,0,19,32,438
117,0,19,32,171
117,0,19,32,609
117,0,19,32,561
117,0,19,32,582
117,0,19,32,496
117,0,19,32,653
117,0,19,32,524
117,0,19,32,209
117,0,19,32,248
117,0,19,32,367
117,0,19,32,759
117,0,19,32,134
117,0,19,32,494
117,0,19,32,732
117,0,19,32,358
117,0,19,32,517
117,0,19,32,362
117,0,19,32,617
117,0,19,32,755
117,0,19,32,715
117,0,19,32,770
117,0,19,32,458
117,0,19,32,276
117,0,19,32,63
117,0,19,32,233
117,0,19,32,287
118,1,1,37,110
118,1,1,37,668
118,1,1,37,249
118,1,1,37,488
119,4,5,42,448
119,4,5,42,653
119,4,5,42,141
119,4,5,42,215
119,4,5,42,684
119,4,5,42,57
119,4,5,42,331
119,4,5,42,252
119,4,5,42,127
119,4,5,42,118
119,4,5,42,222
119,4,5,42,0
119,4,5,42,750
119,4,5,42,576
119,4,5,42,582
119,4,5,42,199
119,4,5,42,791
119,4,5,42,128
119,4,5,42,517
119,4,5,42,693
119,4,5,42,775
119,4,5,42,315
119,4,5,42,545
119,4,5,42,311
119,4,5,42,59
119,4,5,42,549
119,4,5,42,676
119,4,5,42,330
119,4,5,42,242
119,4,5,42,429
119,4,5,42,345
119,4,5,42,615
120,6,7,29,469
120,6,7,29,323
120,6,7,29,736
120,6,7,29,787
120,6,7,29,0
120,6,7,29,612
120,6,7,29,363
120,6,7,29,264
120,6,7,29,709
121,0,13,33,323
121,0,13,33,687
121,0,13,33,612
121,0,13,33,770
121,0,13,33,147
121,0,13,33,0
121,0,13,33,142
121,0,13,33,155
121,0,13,33,183
121,0,13,33,100
121,0,13,33,0
121,0,13,33,592
121,0,13,33,667
121,0,13,33,388
121,0,13,33,442
121,0,13,33,709
122,1,1,1,672
122,1,1,1,110
122,1,1,1,66
122,1,1,1,165
123,0,19,32,155
123,0,19,32,665
123,0,19,32,709
123,0,19,32,236
123,0,19,32,461
123,0,19,32,487
123,0,19,32,519
123,0,19,32,60
123,0,19,32,284
123,0,19,32,554
123,0,19,32,223
123,0,19,32,196
123,0,19,32,147
123,0,19,32,709
123,0,19,32,190
123,0,19,32,37
123,0,19,32,265
123,0,19,32,32
123,0,19,32,233
123,0,19,32,107
123,0,19,32,459
124,3,20,30,270
124,3,20,30,92
124,3,20,30,532
124,3,20,30,648
124,3,20,30,274
124,3,20,30,307
125,0,13,40,750
125,0,13,40,431
125,0,13,40,144
125,0,13,40,744
126,8,18,25,489
126,8,18,25,180
126,8,18,25,508
126,8,18,25,96
127,0,0,0,138
127,4,5,5,778
127,4,5,5,600
127,4,5,5,588
127,0,0,0,323
127,0,0,0,359
127,0,0,0,481
127,4,5,5,481
127,0,0,0,270
127,0,0,0,291
127,0,0,0,252
127,4,5,5,238
127,0,0,0,620
127,0,0,0,514
127,4,5,5,460
127,0,0,0,533
127,4,5,5,514
127,4,5,5,125
127,4,5,5,194
127,4,5,5,249
127,4,5,5,648
127,0,0,0,362
127,0,0,0,81
127,4,5,5,506
127,4,5,5,697
127,4,5,5,128
127,0,0,0,697
127,0,0,0,600
127,4,5,5,491
127,0,0,0,445
127,4,5,5,270
127,0,0,0,292
127,0,0,0,85
127,0,0,0,596
127,4,5,5,39
127,4,5,5,232
127,4,5,5,242
127,4,5,5,533
127,4,5,5,173
127,0,0,0,469
127,4,5,5,620
127,4,5,5,116
127,4,5,5,196
127,0,0,0,435
127,4,5,5,291
127,4,5,5,732
127,0,0,0,588
127,4,5,5,264
127,0,0,0,442
127,0,0,0,794
127,0,0,0,372
127,4,5,5,381
127,4,5,5,292
127,4,5,5,372
127,4,5,5,201
127,0,0,0,249
127,4,5,5,270
127,0,0,0,51
127,0,0,0,587
127,0,0,0,491
127,0,0,0,124
127,4,5,5,498
127,0,0,0,326
127,0,0,0,709
127,0,0,0,173
127,4,5,5,515
127,0,0,0,570
127,0,0,0,194
127,0,0,0,732
127,4,5,5,596
127,0,0,0,381
127,4,5,5,359
127,0,0,0,347
127,0,0,0,125
127,4,5,5,442
127,4,5,5,347
127,0,0,0,764
127,0,0,0,36
127,4,5,5,570
127,4,5,51,794
127,0,0,0,201
127,0,0,0,242
127,0,0,0,232
127,0,0,0,196
127,4,5,5,530
127,4,5,5,287
127,4,5,5,210
127,0,0,0,607
127,4,5,5,81
127,0,0,0,506
127,4,5,5,326
127,4,5,5,210
127,4,5,5,43
127,0,0,0,536
127,0,0,0,248
127,0,0,0,210
127,4,5,5,252
127,4,5,5,417
127,4,5,5,445
127,0,0,0,120
127,4,5,5,538
127,4,5,5,323
127,4,5,5,36
127,4,5,5,124
127,0,0,0,60
127,0,0,0,116
127,0,0,0,238
127,4,5,5,248
127,0,0,0,586
127,0,0,0,582
127,0,0,0,85
127,0,0,0,43
127,4,5,5,51
127,4,5,5,536
127,0,0,0,287
127,4,5,5,607
127,4,5,5,85
128,6,7,8,225
128,6,7,8,225
128,6,7,8,225
128,6,7,8,637
128,6,7,8,225
129,1,3,3,300
129,1,3,3,553
129,1,3,3,482
129,1,3,3,487
130,4,5,42,457
130,4,5,42,393
130,4,5,42,83
130,4,5,42,574
130,4,5,42,126
130,4,5,42,347
130,4,5,42,29
130,4,5,42,188
130,4,5,42,366
130,4,5,42,342
130,4,5,42,770
130,4,5,42,63
131,0,12,16,232
131,0,12,16,795
131,0,12,16,23
131,0,12,16,266
131,0,12,16,256
131,0,12,16,787
131,0,12,16,177
131,0,12,16,275
131,0,12,16,42
131,0,12,16,690
131,0,12,16,95
131,0,12,16,270
132,1,1,1,744
132,1,1,1,141
132,1,1,1,180
132,1,1,1,296
132,1,1,1,780
132,1,1,1,592
132,1,1,1,599
132,1,1,1,637
132,1,1,1,100
132,1,1,1,745
132,1,1,1,173
132,1,1,1,199
132,1,1,1,794
132,1,1,1,222
132,1,1,1,215
132,1,1,1,507
132,1,1,1,750
132,1,1,1,402
132,1,1,1,252
132,1,1,1,590
133,0,0,0,667
133,0,0,0,629
133,0,0,0,108
133,0,0,0,779
133,0,0,0,696
133,0,0,0,749
133,0,0,0,796
133,0,0,0,271
133,0,0,0,201
133,0,0,0,581
133,0,0,0,391
133,0,0,0,346
133,0,0,0,524
133,0,0,0,468
133,0,0,0,28
133,0,0,0,675
133,0,0,0,133
133,0,0,0,212
133,0,0,0,773
133,0,0,0,310
133,0,0,0,364
133,0,0,0,475
133,0,0,0,392
133,0,0,0,265
133,0,0,0,588
133,0,0,0,241
133,0,0,0,666
133,0,0,0,210
133,0,0,0,30
133,0,0,0,617
133,0,0,0,112
133,0,0,0,462
134,1,1,1,431
134,1,1,1,601
134,1,1,1,60
134,1,1,1,513
134,1,1,1,25
134,1,1,1,272
134,1,1,1,63
134,1,1,1,329
134,1,1,1,126
134,1,1,1,120
134,1,1,1,362
134,1,1,1,242
135,2,10,12,191
135,2,10,12,675
135,2,10,12,180
135,2,10,12,347
135,2,10,12,601
135,2,10,12,205
136,1,15,43,268
136,1,15,43,127
136,1,15,43,733
136,1,15,43,126
137,0,0,26,786
137,0,0,26,510
137,0,0,26,780
137,0,0,26,780
137,0,0,26,590
138,1,1,1,660
138,1,1,1,780
138,1,1,1,786
138,1,1,1,96
138,1,1,1,786
139,0,0,26,494
139,0,0,26,586
139,0,0,26,581
139,0,0,26,195
139,0,0,26,608
139,0,0,26,253
139,0,0,26,634
139,0,0,26,83
139,0,0,26,7
139,0,0,26,130
139,0,0,26,214
139,0,0,26,147
139,0,0,26,739
139,0,0,26,245
139,0,0,26,457
139,0,0,26,379
140,1,3,3,96
140,1,3,3,220
140,1,1,1,66
140,1,3,3,224
141,1,1,1,456
141,1,1,1,138
141,1,1,1,786
141,1,1,1,607
142,3,20,44,249
142,3,20,44,480
142,3,20,44,56
142,3,20,44,101
142,3,20,44,252
142,3,20,44,273
142,3,20,44,770
142,3,20,44,126
143,1,1,1,780
143,1,1,1,233
143,1,1,1,715
143,1,1,1,180
143,1,1,1,691
143,1,1,1,388
143,1,1,1,709
144,1,3,3,680
144,1,3,3,96
144,1,3,3,158
144,1,3,3,529
145,0,0,0,496
145,4,5,5,315
145,4,5,5,496
145,0,0,0,315
146,0,25,45,610
146,0,25,45,205
146,0,25,45,493
146,0,25,45,270
146,0,25,45,166
146,0,25,45,561
146,0,25,45,598
146,0,25,45,750
146,0,25,45,219
147,0,0,18,86
147,0,12,36,323
147,0,12,36,268
147,0,12,36,292
148,2,9,10,561
148,2,9,10,39
148,2,9,10,622
148,2,9,10,631
148,2,9,10,334
148,2,9,10,713
148,2,9,10,228
148,2,9,10,631
149,6,7,29,443
149,6,7,29,111
149,6,7,29,703
149,6,7,29,304
150,1,1,35,660
150,1,1,35,247
150,1,1,35,590
150,1,1,35,96
151,0,0,13,192
151,0,0,13,295
151,1,15,43,368
151,0,0,13,368
152,2,26,46,378
152,2,26,46,215
152,2,26,46,339
152,2,26,46,371
152,2,26,46,479
152,2,26,46,63
152,2,26,46,660
152,2,26,46,612
152,2,26,46,693
152,2,26,46,112
152,2,26,46,147
152,2,26,46,750
153,4,5,5,110
153,4,5,5,678
153,4,5,5,678
153,4,5,5,678
153,4,5,5,678
153,4,5,5,691
153,4,5,5,678
153,4,5,5,678
153,4,5,5,678
153,4,5,5,678
153,4,5,5,678
153,4,5,5,678
153,4,5,5,678
153,4,5,5,678
154,3,20,61,84
154,3,20,44,158
154,3,20,44,441
154,6,7,29,578
154,3,20,44,428
154,3,20,44,729
154,3,20,44,151
154,3,20,44,126
155,2,9,48,709
155,2,9,48,208
155,2,9,48,348
155,2,9,48,680
155,2,9,48,423
155,2,9,48,233
155,2,9,48,24
155,2,9,48,250
156,0,13,33,126
156,0,13,33,142
156,0,13,33,0
156,0,13,33,329
156,0,13,33,496
157,4,5,49,680
157,4,5,49,750
157,4,5,49,180
157,4,5,49,334
157,4,5,49,176
157,4,5,49,470
157,4,5,49,103
157,4,5,49,279
158,0,0,26,786
158,0,0,26,510
158,0,0,26,786
158,0,0,26,590
158,0,0,26,375
158,0,0,26,377
158,0,0,26,519
158,0,0,26,780
158,0,0,26,780
158,0,0,26,590
158,0,0,26,410
158,0,0,26,96
159,0,0,26,597
159,0,0,26,375
159,0,0,26,590
159,0,0,26,377
160,1,1,35,134
160,1,1,35,472
160,1,1,35,141
160,1,1,35,457
160,1,1,35,490
160,1,1,35,750
160,1,1,35,582
160,1,1,35,269
160,1,1,35,346
160,1,1,35,616
160,1,1,35,651
160,1,1,35,747
160,1,1,35,604
160,1,1,35,590
160,1,1,35,497
160,1,1,35,780
160,1,1,35,202
160,1,1,35,53
160,1,1,35,673
160,1,1,35,699
160,1,1,35,526
160,1,1,35,658
160,1,1,35,584
160,1,1,35,608
160,1,1,35,205
160,1,1,35,368
160,1,1,35,266
160,1,1,35,502
161,1,1,35,798
161,1,1,35,585
161,1,1,35,180
161,1,1,35,425
161,1,1,35,684
161,1,1,35,794
161,1,1,35,619
161,1,1,35,115
161,1,1,35,299
161,1,1,35,598
161,1,1,35,202
161,1,1,35,606
161,1,1,35,262
161,1,1,35,502
161,1,1,35,707
161,1,1,35,609
161,1,1,35,756
161,1,1,35,292
161,1,1,35,146
161,1,1,35,118
162,4,5,5,359
162,4,5,51,42
162,4,5,5,545
162,4,5,5,291
162,4,5,5,262
162,4,5,5,535
162,0,0,0,195
162,4,5,5,586
162,4,5,5,575
162,0,0,0,11
162,0,0,0,683
162,0,0,0,505
162,0,0,0,491
162,0,0,0,294
162,4,5,5,66
162,4,5,5,776
162,4,5,5,481
162,0,0,0,205
162,0,0,0,738
162,4,5,5,205
162,0,0,0,353
162,4,5,5,477
162,0,0,0,588
162,4,5,5,195
162,4,5,5,573
162,0,0,0,359
162,0,0,0,573
162,0,0,0,291
162,0,0,0,6
162,4,5,5,550
162,4,5,5,738
162,0,0,0,143
162,0,0,0,471
162,0,0,0,575
162,0,0,0,333
162,0,0,0,582
162,4,5,5,42
162,4,5,5,491
162,4,5,5,6
162,0,0,0,749
162,4,5,5,506
162,0,0,0,565
162,4,5,5,683
162,4,5,5,333
162,4,5,5,11
162,0,0,0,545
162,4,5,5,294
162,0,0,0,262
162,4,5,5,505
162,4,5,5,777
162,0,0,0,550
162,0,0,0,215
162,0,0,0,777
162,4,5,5,588
162,4,5,5,143
162,0,0,0,477
163,0,0,13,457
163,0,0,13,685
163,0,0,13,409
163,0,0,13,326
163,0,0,13,253
164,2,26,46,126
164,2,26,46,751
164,2,26,46,103
164,2,26,46,141
165,2,26,46,534
165,0,0,50,534
165,2,26,46,144
165,0,0,50,702
165,0,0,50,797
165,2,26,46,437
165,2,26,46,391
165,0,0,50,173
165,0,0,50,665
165,2,26,46,357
165,2,26,46,132
165,2,26,46,180
165,2,26,46,797
165,0,0,50,126
165,0,0,50,664
165,0,0,50,143
165,2,26,46,579
165,0,0,50,357
166,1,1,1,492
166,1,1,1,347
166,1,1,1,579
166,1,1,1,100
166,1,1,1,708
166,1,1,1,485
166,1,1,1,289
166,1,1,1,233
167,1,1,1,728
167,1,1,1,62
167,1,1,1,329
167,1,1,1,472
168,3,20,44,256
168,3,20,44,606
168,3,20,44,535
168,3,20,44,479
168,3,20,44,21
168,3,20,44,334
168,3,20,44,539
168,3,20,44,528
168,3,20,44,276
168,3,20,44,178
169,2,26,46,103
169,2,26,46,438
169,2,26,46,757
169,2,26,46,364
169,2,26,46,660
169,2,26,46,350
169,2,26,46,506
169,2,26,46,53
169,2,26,46,610
169,2,26,46,108
169,2,26,46,566
169,2,26,46,666
169,2,26,46,722
169,2,26,46,578
169,2,26,46,779
170,4,5,49,457
170,4,5,49,639
170,4,5,49,794
170,4,5,49,492
171,0,0,0,262
171,0,0,0,689
171,0,0,0,660
171,0,0,0,220
172,4,5,49,499
172,4,5,49,598
172,4,5,49,336
172,4,5,49,779
172,4,5,49,385
173,1,1,1,264
173,1,1,1,367
173,1,1,1,631
173,1,1,1,592
174,5,23,38,631
174,5,23,38,553
174,5,23,38,677
174,5,23,38,575
175,8,18,25,678
175,8,18,25,377
175,8,18,25,546
175,8,18,25,375
176,2,2,52,103
176,2,2,52,96
176,2,2,52,620
176,2,2,52,795
177,0,13,40,233
177,0,13,40,388
177,0,13,40,667
177,0,13,40,264
177,0,13,40,101
177,0,13,40,496
177,0,13,40,653
177,0,13,40,146
178,6,7,8,292
178,6,7,8,610
178,6,7,8,629
178,6,7,8,600
178,6,7,8,782
178,6,7,8,771
178,6,7,8,233
178,6,7,8,263
178,6,7,8,526
178,6,7,8,290
178,6,7,8,750
178,6,7,8,383
178,6,7,8,176
178,6,7,8,32
178,6,7,8,734
178,6,7,8,51
178,6,7,8,166
178,6,7,8,602
178,6,7,8,215
178,6,7,8,597
178,6,7,8,637
178,6,7,8,553
178,6,7,8,431
178,6,7,8,734
178,6,7,8,260
178,6,7,8,665
178,6,7,8,53
178,6,7,8,744
178,6,7,8,74
178,6,7,8,100
178,6,7,8,614
178,6,7,8,70
178,6,7,8,95
178,6,7,8,683
178,6,7,8,796
178,6,7,8,480
178,6,7,8,358
178,6,7,8,542
178,6,7,8,102
178,6,7,8,350
178,6,7,8,543
178,6,7,8,119
178,6,7,8,62
178,6,7,8,554
178,6,7,8,572
178,6,7,8,560
178,6,7,8,613
178,6,7,8,7
178,6,7,8,496
178,6,7,8,176
178,6,7,8,370
178,6,7,8,272
178,6,7,8,174
178,6,7,8,553
178,6,7,8,783
178,6,7,8,505
178,6,7,8,694
178,6,7,8,185
178,6,7,8,798
178,6,7,8,296
178,6,7,8,638
178,6,7,8,385
178,6,7,8,358
178,6,7,8,277
178,6,7,8,315
178,6,7,8,663
178,6,7,8,67
178,6,7,8,44
178,6,7,8,625
178,6,7,8,645
178,6,7,8,397
178,6,7,8,322
178,6,7,8,664
178,6,7,8,348
178,6,7,8,666
178,6,7,8,95
178,6,7,8,533
178,6,7,8,594
178,6,7,8,99
178,6,7,8,183
178,6,7,8,296
178,6,7,8,311
178,6,7,8,388
178,6,7,8,90
178,6,7,8,175
178,6,7,8,799
178,6,7,8,447
178,6,7,8,401
178,6,7,8,401
178,6,7,8,185
178,6,7,8,431
178,6,7,8,306
178,6,7,8,176
178,6,7,8,60
178,6,7,8,4
178,6,7,8,666
178,6,7,8,479
178,6,7,8,630
178,6,7,8,538
178,6,7,8,26
178,6,7,8,663
178,6,7,8,522
178,6,7,8,132
178,6,7,8,671
178,6,7,8,644
178,6,7,8,229
178,6,7,8,535
178,6,7,8,363
178,6,7,8,209
178,6,7,8,711
178,6,7,8,126
178,6,7,8,97
178,6,7,8,427
178,6,7,8,772
178,6,7,8,76
178,6,7,8,760
178,6,7,8,221
178,6,7,8,609
178,6,7,8,379
178,6,7,8,113
178,6,7,8,541
178,6,7,8,619
178,6,7,8,690
178,6,7,8,795
178,6,7,8,625
178,6,7,8,366
178,6,7,8,586
178,6,7,8,432
178,6,7,8,317
178,6,7,8,509
178,6,7,8,403
178,6,7,8,101
178,6,7,8,169
178,6,7,8,502
178,6,7,8,451
178,6,7,8,443
178,6,7,8,368
178,6,7,8,607
178,6,7,8,267
178,6,7,8,783
178,6,7,8,126
178,6,7,8,348
178,6,7,8,2
178,6,7,8,495
178,6,7,8,682
178,6,7,8,616
178,6,7,8,703
178,6,7,8,638
178,6,7,8,167
178,6,7,8,778
178,6,7,8,190
178,6,7,8,27
178,6,7,8,60
178,6,7,8,261
178,6,7,8,270
178,6,7,8,224
178,6,7,8,488
178,6,7,8,102
178,6,7,8,513
178,6,7,8,628
178,6,7,8,429
178,6,7,8,255
178,6,7,8,800
178,6,7,8,9
178,6,7,8,271
178,6,7,8,753
178,6,7,8,638
178,6,7,8,751
178,6,7,8,20
178,6,7,8,26
178,6,7,8,723
178,6,7,8,390
178,6,7,8,152
178,6,7,8,740
178,6,7,8,277
178,6,7,8,473
178,6,7,8,411
178,6,7,8,224
178,6,7,8,32
178,6,7,8,594
178,6,7,8,786
178,6,7,8,687
178,6,7,8,427
178,6,7,8,100
178,6,7,8,676
178,6,7,8,638
178,6,7,8,118
178,6,7,8,726
178,6,7,8,366
178,6,7,8,646
178,6,7,8,348
178,6,7,8,281
178,6,7,8,595
178,6,7,8,751
178,6,7,8,47
178,6,7,8,590
178,6,7,8,138
178,6,7,8,352
178,6,7,8,462
178,6,7,8,762
178,6,7,8,250
178,6,7,8,751
178,6,7,8,205
178,6,7,8,652
178,6,7,8,39
178,6,7,8,711
178,6,7,8,205
178,6,7,8,447
178,6,7,8,262
178,6,7,8,734
178,6,7,8,199
178,6,7,8,609
178,6,7,8,787
178,6,7,8,6
178,6,7,8,774
178,6,7,8,507
178,6,7,8,273
178,6,7,8,169
178,6,7,8,262
178,6,7,8,734
178,6,7,8,178
178,6,7,8,248
178,6,7,8,200
178,6,7,8,101
178,6,7,8,683
178,6,7,8,546
178,6,7,8,230
178,6,7,8,421
178,6,7,8,268
178,6,7,8,89
178,6,7,8,210
178,6,7,8,705
178,6,7,8,584
178,6,7,8,713
178,6,7,8,153
178,6,7,8,336
178,6,7,8,738
178,6,7,8,749
178,6,7,8,599
178,6,7,8,250
178,6,7,8,329
178,6,7,8,417
178,6,7,8,514
178,6,7,8,238
178,6,7,8,393
178,6,7,8,174
178,6,7,8,697
178,6,7,8,736
178,6,7,8,212
178,6,7,8,682
178,6,7,8,73
178,6,7,8,229
178,6,7,8,703
178,6,7,8,660
178,6,7,8,781
178,6,7,8,797
178,6,7,8,392
178,6,7,8,389
178,6,7,8,348
178,6,7,8,387
178,6,7,8,89
178,6,7,8,186
178,6,7,8,782
178,6,7,8,440
178,6,7,8,143
178,6,7,8,660
178,6,7,8,496
178,6,7,8,581
178,6,7,8,748
178,6,7,8,44
178,6,7,8,390
178,6,7,8,432
178,6,7,8,161
178,6,7,8,111
178,6,7,8,587
178,6,7,8,364
178,6,7,8,456
178,6,7,8,422
178,6,7,8,171
178,6,7,8,709
178,6,7,8,600
178,6,7,8,141
178,6,7,8,508
178,6,7,8,1
178,6,7,8,0
178,6,7,8,750
178,6,7,8,662
178,6,7,8,390
178,6,7,8,385
178,6,7,8,449
178,6,7,8,691
178,6,7,8,335
178,6,7,8,499
178,6,7,8,378
178,6,7,8,87
178,6,7,8,185
178,6,7,8,364
178,6,7,8,270
178,6,7,8,423
178,6,7,8,163
178,6,7,8,32
178,6,7,8,484
178,6,7,8,425
178,6,7,8,108
178,6,7,8,385
178,6,7,8,693
178,6,7,8,139
178,6,7,8,568
178,6,7,8,605
178,6,7,8,160
178,6,7,8,176
178,6,7,8,600
178,6,7,8,26
178,6,7,8,446
178,6,7,8,530
178,6,7,8,470
178,6,7,8,31
178,6,7,8,247
178,6,7,8,673
178,6,7,8,534
178,6,7,8,600
178,6,7,8,575
178,6,7,8,115
178,6,7,8,759
178,6,7,8,113
178,6,7,8,505
178,6,7,8,567
178,6,7,8,284
178,6,7,8,277
178,6,7,8,597
178,6,7,8,507
178,6,7,8,340
178,6,7,8,231
178,6,7,8,695
178,6,7,8,765
178,6,7,8,385
178,6,7,8,653
178,6,7,8,12
178,6,7,8,24
178,6,7,8,612
178,6,7,8,373
178,6,7,8,749
178,6,7,8,146
178,6,7,8,335
178,6,7,8,696
178,6,7,8,655
178,6,7,8,501
178,6,7,8,724
178,6,7,8,415
178,6,7,8,326
178,6,7,8,579
178,6,7,8,211
178,6,7,8,78
178,6,7,8,771
178,6,7,8,702
178,6,7,8,641
178,6,7,8,602
178,6,7,8,29
178,6,7,8,395
178,6,7,8,750
178,6,7,8,295
178,6,7,8,374
178,6,7,8,208
178,6,7,8,132
178,6,7,8,650
178,6,7,8,506
178,6,7,8,765
178,6,7,8,383
178,6,7,8,463
178,6,7,8,262
178,6,7,8,374
178,6,7,8,388
178,6,7,8,134
178,6,7,8,295
178,6,7,8,36
178,6,7,8,436
178,6,7,8,127
178,6,7,8,321
178,6,7,8,388
178,6,7,8,116
178,6,7,8,65
178,6,7,8,674
178,6,7,8,478
178,6,7,8,219
178,6,7,8,573
178,6,7,8,40
178,6,7,8,178
178,6,7,8,643
178,6,7,8,262
178,6,7,8,107
178,6,7,8,9
178,6,7,8,536
178,6,7,8,635
178,6,7,8,629
178,6,7,8,348
178,6,7,8,448
178,6,7,8,558
178,6,7,8,84
178,6,7,8,107
178,6,7,8,208
178,6,7,8,604
178,6,7,8,645
178,6,7,8,26
178,6,7,8,613
178,6,7,8,762
178,6,7,8,659
179,4,27,53,5
179,4,27,53,306
179,4,27,53,678
179,4,27,53,448
180,4,27,53,5
180,4,27,53,448
180,4,27,53,5
180,4,27,53,232
181,0,12,16,143
181,0,12,16,249
181,0,12,16,103
181,0,12,16,750
181,0,12,16,0
181,0,12,16,141
181,0,12,16,299
181,0,12,16,709
182,4,27,53,519
182,4,27,53,96
182,4,27,53,263
182,4,27,53,96
182,4,27,53,513
182,4,27,53,263
182,4,27,53,496
182,4,27,53,263
183,4,27,53,5
183,4,27,53,678
183,4,27,53,5
183,4,27,53,5
184,2,10,55,720
184,2,10,55,612
184,0,25,57,562
184,2,10,55,271
185,2,10,20,387
185,2,10,20,42
185,2,10,20,201
185,2,10,20,336
185,2,10,20,798
185,2,10,20,538
185,2,10,20,708
185,2,10,20,137
185,2,10,20,415
185,2,10,20,335
185,2,10,20,584
185,2,10,20,568
185,2,10,20,758
185,2,10,20,436
185,2,10,20,774
185,2,10,20,349
185,2,10,20,173
186,2,26,46,781
186,2,26,46,438
186,2,26,46,143
186,2,26,46,438
186,2,26,46,240
187,4,5,5,111
187,4,5,5,212
187,4,5,5,437
187,4,5,5,187
188,1,1,1,346
188,1,1,1,592
188,1,1,1,661
188,1,1,1,442
188,1,1,1,243
188,1,1,1,138
188,1,1,1,430
188,1,1,1,205
188,1,1,1,262
188,1,1,1,583
188,1,1,1,540
188,1,1,1,760
188,1,1,1,551
188,1,1,1,385
188,1,1,1,336
189,1,1,1,787
189,1,1,1,341
189,1,1,1,544
189,1,1,1,0
189,1,1,1,617
189,1,1,1,736
189,1,1,1,733
189,1,1,1,612
189,1,1,1,438
189,1,1,1,648
189,1,1,1,450
189,1,1,1,766
189,1,1,1,603
189,1,1,1,323
189,1,1,1,30
189,1,1,1,346
189,1,1,1,111
189,1,1,1,219
189,1,1,1,569
189,1,1,1,233
189,1,1,1,304
190,4,5,5,63
190,0,0,0,188
190,0,0,0,63
190,4,5,5,605
191,4,5,5,425
191,0,0,0,354
191,4,5,5,731
191,4,5,5,354
192,4,5,5,584
192,4,5,5,70
192,4,5,5,501
192,0,0,0,58
192,4,5,5,41
192,4,5,5,58
192,4,5,5,542
193,1,1,35,709
193,1,1,35,534
193,1,1,35,170
193,1,1,35,214
193,1,1,35,146
193,1,1,35,379
193,1,1,35,92
193,1,1,35,502
194,4,5,49,515
194,4,5,49,336
194,4,5,49,551
194,4,5,49,599
194,4,5,49,370
194,4,5,49,565
194,4,5,49,328
194,4,5,49,37
194,4,5,49,60
194,4,5,49,661
194,4,5,49,266
195,6,7,8,743
195,6,7,8,255
195,6,7,8,139
195,6,7,8,215
196,2,9,10,565
196,2,9,10,135
196,2,9,10,754
196,2,9,10,134
197,4,5,5,254
197,4,5,5,32
197,4,5,5,794
197,4,5,5,536
197,4,5,5,774
197,0,0,0,536
197,4,5,5,648
197,4,5,5,21
198,0,0,0,312
198,4,5,5,774
198,4,5,5,172
198,4,5,5,767
198,4,5,5,286
198,4,5,5,138
199,4,21,56,240
199,4,21,56,203
199,4,21,56,240
199,4,21,56,392
200,0,12,16,359
200,0,12,16,620
200,0,12,16,25
200,0,12,16,248
201,4,5,49,730
201,4,5,49,452
201,4,5,49,779
201,4,5,49,473
202,2,10,9,135
202,2,10,9,135
202,2,10,9,135
202,2,10,9,135
203,4,5,5,413
203,4,5,5,494
203,4,5,5,394
203,4,5,5,195
203,4,5,5,15
203,4,5,5,642
203,4,5,5,406
203,4,5,5,789
203,4,5,5,503
204,2,10,20,533
204,6,7,58,629
204,2,10,20,91
204,2,10,20,682
204,2,10,20,489
204,2,10,20,697
204,2,10,20,762
204,2,10,20,20
205,6,7,8,230
205,6,7,8,592
205,6,7,8,592
205,6,7,8,592
